id,gerente,ganancias
3582054274819611,Anatola Beedom,1000000
6333820252081852,Giacobo Tamburi,2000000
3583734992116437,Colby Blatchford,1500000
6706720687153376,Noella Raspin,1500000
3544233753351844,Hadleigh Tynan,1000000
3530880965007329,Tiphany Donan,1000000
3540805311005865,Dieter Laxtonne,2000000
3550903651065776,Neils Gorch,2000000
3552311159004503,Danny Bulbrook,2000000
5575200891400665,Dieter Saxelby,2000000
3586182888409838,Lelah Durbin,2000000
56022275298889233,Tandie Dabnot,1500000
5332573722569385,Eustace Risby,1000000
201816205703636,Dare Ramel,1000000
561035245293923463,Jany Endrici,1500000
5100136599295698,Leigh Marr,2000000
3570704231452286,Roman Brandolini,1000000
3577758810214072,Kakalina MacTimpany,2000000
3579020350758515,Franky Thorrold,1000000
5602251505153114,Cleve Cottisford,1000000
3554473649116269,Doti Mayzes,1000000
5010120864707339,Roanne Duffield,2000000
4017953516234,Susannah Mibourne,2000000
5048374214753966,Sheila-kathryn Wildgoose,1500000
4026039052957693,Sashenka Gimlet,1000000
3558934072440217,Niel Scopham,1500000
4041596077089548,Dedra Thirsk,2000000
3570340668212586,Joyan Cambling,1000000
3584378391797857,Abba Tolchard,1500000
3529134950540594,Shantee Plank,1000000
5472490482344786,Jana Barden,2000000
633428429589812950,Dorisa Hummerston,2000000
493667080520092597,Katrine Halsey,2000000
3578055361317902,Bonita Meachem,2000000
560223029617227270,Orelee McBay,2000000
5602223627786089,Bendicty Behan,1000000
30594913591778,Wright Wilshire,2000000
4903570119659888,Corinna Dalliwatr,2000000
4041590252052371,Odetta Shepperd,2000000
3543955129641695,Batsheva Combes,2000000
30040261404628,Ros Ivison,2000000
30492079946193,Willdon MacGragh,2000000
5048378194335272,Jenifer Lightbown,1500000
5602251460195472,Odessa Walling,2000000
4026488458404661,Arlin Nightingale,1500000
3585070871268637,Grannie Ivasyushkin,1000000
560221808366996744,Winny Pinch,2000000
4508011874990514,Angie Pelman,2000000
5100172541349002,Nerty Tammadge,1000000
560224080084798151,Vally Sillitoe,2000000
4041376721502,Vicki Lortz,2000000
4844702532895987,Arnaldo Kyngdon,1500000
677191230110751895,Anestassia Windibank,1000000
372301653420465,Ethe Regorz,1500000
6331103123793475855,Eddy Erridge,1000000
6709891659310430546,Louisette Iggalden,2000000
5610692977921282,Edgard Chyuerton,1500000
3587789536020087,Rodrigo Gallemore,2000000
5388060960286438,Brynne Barcke,1500000
677177541515614613,Parsifal Partrick,1500000
5433404037728201,Bowie O' Mullan,1500000
5010121321869480,Gerri Lorryman,1500000
6762353543667065,Cass Maffei,1500000
3559260506086940,Olvan Shawl,2000000
5610052791313721,Angil Bourdice,1500000
30579477979584,Giffie Pietersma,1000000
3573804263138626,Raphaela Staley,1000000
3534784785181148,Amberly Carlone,1000000
3583436247502037,Golda Sammonds,2000000
4911060206324042,Greggory Bountiff,1000000
3537922274655043,Dillie Mersh,1500000
5002351774624450,Ardith Fader,1000000
3574817896833008,Amber Hindrick,1000000
3574224734922731,Zaria Paffitt,1500000
589332595256069659,Cissiee Di Giacomo,1500000
5602214377521487,Pam Fredi,1500000
3546737011045038,Jeana Costin,1000000
3558856388198132,Ibbie Clacson,1000000
5002359488753739,Corinne Peschet,2000000
6398297048537699,Mahmud Dot,2000000
3551825616322605,Gherardo Baddoe,2000000
3582748911169930,Junia Rivilis,1000000
3561593957807539,Leigh Buten,2000000
3569415860813978,Peggi Yateman,1500000
3589382234550999,Tatum Sansun,1000000
3569043969666061,Vladamir Scamerden,2000000
3561297249095321,Gabriela Etter,1000000
3534405643217920,Cass Boni,1000000
3584395714810886,Barbabra Paolini,2000000
3532596784204222,Jacquelynn Hartzog,1000000
0604224028911317,Raoul Nellen,2000000
3529606638311894,Emili Odom,2000000
5100131814888625,Doroteya Bras,1500000
3569249531311744,Michel Sillitoe,1500000
5048377699237132,Maddalena Wayte,2000000
3577923638005850,Bianka Hobbing,1500000
5372052226811412,Goldi Hassewell,1500000
5602230497119788,Filide Damrel,2000000
3547506969253640,Oliviero Iacovini,2000000
4913303480516232,Giusto Bondley,1000000
3578351376990837,Amery Scotchbrook,1500000
5602211606403032,Rubi Wilby,1500000
3565651571035170,Izak Roscow,2000000
4017955969290,Whitaker Bignal,1000000
490586934776711850,Kaile Curuclis,2000000
3558750428015523,Bud Challen,1500000
3544795408174417,Willabella Busher,2000000
6333786930795181,Eric Thouless,2000000
5048371316545738,Stewart Vaugham,1500000
3588909286900721,Aurlie Briand,2000000
6377628371201385,Imogene MacGregor,2000000
6381476227216262,Ava Dumphry,2000000
3565049518156730,Antonie Crosgrove,1000000
3545163658392248,Mariette Brogan,1000000
5602239460159861,Alice Mont,2000000
36224917890984,Clovis Logue,1000000
4911857643065272,Beck Marples,2000000
4913032153255477,Domingo Lodford,1000000
3563416452959118,Douglas Ellwand,2000000
3533360220654279,Ivor Francescotti,2000000
6333029577109600,Paquito Westlake,1500000
374288793459123,Bancroft Belford,1000000
6771010177758487130,Denny Stealey,1500000
201882911154944,Denys Tuff,1000000
349686469378877,Harri Gottschalk,1000000
5100171901961794,Dru Wiffen,1000000
4844326700062640,Ruddie Salkeld,1000000
5602246703043836,Holmes Gurney,1500000
4405469852067479,Wash Zanotti,1500000
670947422999297759,Wendall Gascone,1500000
5542902492587911,Bary Pettican,1000000
3534898834807329,Gilemette Pawlaczyk,1500000
201417498618738,Emelda Cisland,1000000
3540579098121043,Lynda Lernihan,1500000
5108759500759940,Toddy Kmietsch,1500000
376594408717526,Kalle Phare,1000000
5402922197447681,Kaia Karys,1000000
630469546570041558,Zitella Anselmi,1500000
3558358963834405,Ulrikaumeko Le Grand,2000000
4017951303585,Herb Messitt,1500000
5602219737542370,Eddi Simoncini,1500000
5230588669591674,Gerard Martinek,1500000
5602253102466253,Blinny Jacop,1000000
6759281343709206,Margret Ashpital,2000000
201408870205780,Sib Cammish,1000000
3541641410697883,Kale Moughton,2000000
4905215003949734306,Rozina Eakley,1500000
4026718361947269,Gorden Margrem,1000000
6771584448523073,Nickolai Linklater,2000000
3577471717273015,Sibeal Livesey,2000000
56022479493027298,Melvin Godlee,2000000
3574659481619313,Winnah Yter,1000000
374288291583267,Cairistiona Dericut,1000000
3541413072861458,Burty Haffenden,1500000
4017954006656,Clementia Ryam,1000000
3552788118252903,Kyrstin Pennells,1000000
3540509485078639,Louisette Durant,1500000
6397681552498151,Rolf Sieghard,1000000
6389054830199191,Neale Emor,1000000
374288184158938,Orel Surtees,2000000
3587509543079078,Wood Edy,1500000
560224673438481548,Loreen Slorach,2000000
3538110960380105,Kizzie Broady,2000000
3575081403726374,Elliott Howey,1000000
3579614371719108,Kimbell Helks,1000000
3530913650104299,Callie Torbard,1000000
3546074994054203,Forester Rumsey,1500000
4026497837246909,Reynolds Tynnan,1500000
67616301678154656,Domini Ayris,1500000
5602240555664009165,Wenona Jeff,1500000
3567540673068197,Trenton Fewings,1500000
6331104689234027645,Clay Collumbell,1500000
5100144057072351,Madelena Yeeles,1500000
342354510392085,Melisent Polkinghorne,1000000
3570574412445809,Heddie Short,2000000
5305864186865200,Marius Laurent,1500000
5587708000691798,Julian Keyte,2000000
3548706217350045,Grier Nys,2000000
3549851960777736,Lydie O'Dulchonta,2000000
5602226304964952,Ondrea Tremayle,1000000
5602250504670607,Valaria Pembery,2000000
6762867633377078208,Germain Minichi,2000000
6762565048209743,Georg Ellph,2000000
503823075898280425,Stoddard Pilcher,1000000
560222475471523604,Dory Wrennall,2000000
3572303117386581,Abie Bertomieu,1000000
3540307341612505,Francklin Janczyk,1500000
3533469794534401,Diane Gashion,1500000
5361935117977933,Bernadette Larciere,1500000
6767812423474996,Ichabod Antecki,1000000
4249973469349808,Gratiana Dorkin,1500000
3564714903322913,Stavros Brunner,2000000
201499364138058,Ardisj Hakonsson,2000000
6761686499029842354,Dorthy Huggins,1500000
3572571802019481,Hedwiga Cresswell,1000000
5100132193010120,Robinia Hrishchenko,1500000
3537944312088854,Suzanna Slany,1000000
5602228908007022,Tallie O'Currine,2000000
3533075368245843,Herculie O'Flannery,2000000
372301132188469,Quinn Okroy,1500000
3560523000843307,Gwenora Laverenz,2000000
3530214856106547,Clementia Curneen,2000000
4936092039480593,Eleni Duckels,1000000
374283220703631,Zita Wearne,1000000
3543250452468696,Nerti Fawlks,1500000
5602220749441254,Rik Jaumet,2000000
6763569252160879711,Chariot Cordaroy,2000000
5602228669174375,Adiana Filshin,1000000
30319109687960,Amalle Casolla,2000000
5108752488847258,Langsdon Callaway,1000000
3542610173135877,Aubry Prise,1000000
3588337087674321,Dory Grouvel,1000000
3588038794635528,Tallie Hodgin,1500000
3583678443724291,Joellen Shrimpling,1000000
3566908489763494,Agretha Jerke,1500000
3556490697762198,Alvina Dungate,1500000
4911499361896777529,Noll Balmforth,1500000
4913896711539642,Viviyan Grishunin,2000000
4905776895028473,Loleta Allabarton,1000000
3565560308926538,Joscelin Pendrey,1000000
3582675484735880,Tyler Laven,2000000
371131229323963,Sayre Cuncliffe,1000000
3559309781232727,Borg Thorlby,1500000
50204844130759806,Smitty Pentecust,1000000
501899035069899141,Janifer Dilliston,2000000
560225126728655684,Alard Thomson,1000000
5114221113306066,Tilly Prosch,1500000
5315850366610720,Phedra Taylot,1000000
3547639391992459,Saunder Guwer,1500000
3559535192888265,Vinita Whitlock,2000000
3535205892843148,Diane-marie Iskov,2000000
6333443802126273,Sonja Boulds,1000000
30527617963125,Winfield Emor,1000000
6331103734344392,Justino Briatt,2000000
5108758772695352,Portia Graffham,2000000
5458217200144356,Hendrik Brouwer,1000000
4017958217952,Reeba Burniston,1500000
5108756625994980,Arvin Fleote,1000000
6334799706248039947,Holmes Peeke,1000000
6706964658072641,Angel Osgorby,2000000
3538607378945163,Zeke Kynd,2000000
4041378832607496,Eduino Ebbs,1000000
30186335665262,Cort Dwerryhouse,1500000
3578986424685820,Garner Lampen,1500000
3545169134218857,Sanders Bosch,2000000
5100149263307780,Valencia Navarijo,1000000
3535032098453120,Nanci Keene,2000000
3553859004790840,Joane Lief,2000000
493622909566616550,Letisha Hansman,2000000
4026254679852397,Clementine Swyre,1500000
4844794792059891,Bryant Oxtarby,2000000
4667998263617657,Correy Jimson,1500000
6382987888319335,Ferris Parmiter,1000000
3581648046260276,Candida Ronchka,1500000
36241850186550,Bank Mannagh,1500000
5893909601741353411,Garland Alner,1000000
3563360359491132,Dallas Mc Trusty,1000000
6393286855022833,Lorine Hounihan,2000000
4017955124458,Katrina Jannequin,2000000
3545603852390290,Tara Fernier,2000000
3552057958640712,Ardelis Kitcher,1500000
56022112953886172,Sosanna Robben,1500000
676240002438937347,Christophorus Colbourn,1500000
6304484389357571,Juline Parell,1000000
3539700608028071,Morly Fer,1000000
3553385061090775,Ophelie Yankov,1000000
5602243039234288,Valera Mazdon,2000000
6333817732112809454,Peter Dinsell,1500000
3556928170472728,Teressa Beveredge,2000000
3569396445034985,Raimondo Eronie,1000000
374288650775264,Fair Briggdale,1000000
5244408677890352,Randolf Snowding,1500000
3541733113723049,Erroll Babbe,1000000
3565881335266775,Mariam Borrie,2000000
3544208071528406,Sibylla Jeannesson,1000000
3563318657130745,Claiborne Cunliffe,1000000
3548537547964092,Amalee Pallaske,2000000
5007666253627186,Vincenty Steele,2000000
56022174071493000,Bradan Morefield,2000000
5007661821051902,Raff Beynkn,1500000
6396417586333713,Leticia Halford,1500000
30302239767662,Annetta Primak,1500000
3557432874664143,Paquito Cheesley,1000000
6376013430404760,Sergent Balding,1000000
3584057991467570,Darbie Paula,1000000
3546808957177034,Barris Lortz,2000000
3559978038299570,Zoe Faier,1500000
6386984542318502,Becka Mathiassen,2000000
374283398122283,Katey Lowin,2000000
374622621819696,Scott Ellcome,1000000
5048373838814485,Martina Jonin,2000000
3533330374761493,Olenka Cantrill,1000000
3559103592871579,Benedikta Vant,2000000
5602239136258881,Simeon Weavers,1000000
5602253245792714,Ermengarde Draijer,2000000
3548650362021664,Bartolemo Obbard,1500000
5893090771916723,Maxi Doyland,1500000
6389374176393525,Audra McCloud,2000000
3545212591867954,Vikki Crasswell,1500000
3542287116085608,Ema Wisbey,2000000
3530574702065779,Orel Schwandermann,1000000
3568471605150151,Ashlee Pawfoot,1500000
4913332729071428,Alix Casterot,1500000
4405498085227899,Wilona Atley,1000000
5100146834543885,Lowrance Wince,2000000
3548888351355947,Brandon Bowcock,1500000
376200092230863,Aubrey Scanlan,2000000
3550726963921760,Phyllida Hynam,1500000
5602230399511017,Dolorita Summerly,1500000
3556210386889841,Malorie Senchenko,1500000
3536452594568701,Marney Buttler,2000000
201555427626544,Gerrilee Espinal,1000000
3543937990946056,Sharron Farre,2000000
6333973679259420480,Marianne McKeller,1000000
201492253726323,Nicola Hundal,2000000
3537513572504833,Margeaux Richel,1500000
3584148908136281,Tobye Spratt,1500000
30572869784936,Bell Colebourne,1500000
372856086213134,Hesther Rangle,1000000
3552759110288526,Fabien Nurden,1500000
5477157408154962,Dwain Dearnaley,2000000
3547855053278447,Baxy Domanek,1500000
3557216202783232,Gloriana Jehan,2000000
3563834670970396,Jamill Artz,1000000
4175007691194902,Brucie Castagnet,1000000
30117380569562,Latisha Glanister,1000000
30067760249212,Jonas Sheilds,2000000
3528904714824109,Dyanne Seiller,1500000
3533795779766166,Emelina Ghilardi,1500000
347353443389734,Brenda Kelston,1000000
4041375000581198,Jack Bettleson,1500000
3563501248481673,Marga Seville,1500000
5610475875764149,Rhonda Chinnick,2000000
3581353922961911,Brittany Kovacs,1000000
5602212070849809,Nathanael Lafaye,1000000
3557397094795649,Glendon Dubber,2000000
3536097279006608,Gordie Hurran,1000000
3535798829224267,Annadiane Goulding,1500000
201869957963551,Nahum Leathes,2000000
676127366793961418,Terry Dyhouse,1000000
5432282297593684,Jennine Borham,1500000
3586558568322716,Ainslie Cammack,1500000
3550039850406220,Weylin Atack,1500000
5312793341304220,Katerine Jori,1000000
50188328964254431,Katlin Clawsley,1000000
3565184048153533,Domenic Skirven,1500000
4508486561513383,Alverta Woolsey,1500000
30283561614997,Daron Maw,1000000
5280059657958837,Chaddy Morfey,2000000
06042108802686079,Sydelle Josum,1500000
5602221309584863,Page Leman,1500000
63041155132663593,Angie Jamson,2000000
5100147530587739,Antony Coode,1000000
3531745429123963,Alison Birkenhead,1500000
4917847634150500,Shandeigh Trundell,1000000
4026245178874759,Gavra Brendel,1000000
3580540720527388,Kitty Hutable,1500000
3561350922494707,Fitzgerald Monery,2000000
676101449554985402,Elaine Lawley,2000000
6333133915713061909,Carlye de Grey,1000000
58939440808205332,Inez Smolan,2000000
5383534854072273,Wolfie Meaker,1000000
4405875620087344,Kalle Bythell,1500000
3556306161366821,Ludwig Bisco,2000000
4911878847854584,Marion Ottosen,1500000
5473285684913647,Brit O'Bradain,1500000
5602234436847137,Gianni Carle,1500000
3574917228595851,Sandie Brotherick,1500000
5038129375102375,Harmon Darragon,2000000
3555029011739739,Tally Rosenblad,1000000
5100149666014629,Babbette Juorio,1500000
5002350261412577,Jeanna Delph,1500000
3531528005428117,Bibbye Holleworth,1500000
5400891664507420,Winifred Detoile,1000000
5602249185492463,Hi Roche,1500000
3562045627405458,Artus Stolting,1000000
347828009838471,Cassandra Elmar,1000000
6370621038393072,Gerti Leversuch,1000000
3574969096965039,Tess Aers,1000000
5641828859242799067,Janna McNickle,1000000
3530932031016535,Phylys Androck,2000000
3548889770830007,Josefina O'Cooney,1500000
63040451407485320,Jaime Thrower,2000000
3555351282853381,Lemmie Hollingby,1000000
201438444904550,Allyn Fagg,1500000
6763018505437365187,Elvis Varnals,1000000
6382257832160007,Raeann De Simone,2000000
3542913103657485,Steffie Sebert,2000000
201906183077937,Flo McIlreavy,1000000
3531461512168135,Annora Warn,2000000
3549145654690275,Melessa D'Alessandro,2000000
3558984269158908,Viv Cucinotta,1000000
6767006383277685,Tris Scraney,1500000
3574542994813468,Lonny Culshaw,2000000
4041597700517,Natalina Gaddie,1500000
560222667771927473,Bruce Battie,2000000
3547848157248960,Andrea McLernon,1000000
3536821833241025,Karena Jacobs,1500000
6371190715426489,Jacquenetta Tunesi,1500000
30114276650051,Bren Wanstall,2000000
5010120115241161,Kiley Christoffersen,2000000
5259128478566553,Glen Cockshutt,2000000
3555898984881607,Denys Golthorpp,1500000
3544936414722746,Edlin Dannatt,1500000
201456449139659,Dorie Crix,1000000
3589711148847887,Sada Elkin,1000000
201906681276734,Marlyn Gozney,1000000
6372533870298210,Claude Lester,1500000
4041377168430,Clarine Skerrett,2000000
30229829607059,Toni Signori,2000000
201553797359812,Lita Bettis,2000000
3586984487427354,Rolland Soles,1500000
3560179945271888,Alexandre Jalland,2000000
374283505587691,Madalyn Brittan,1000000
3557936009799095,Noami Birtwhistle,2000000
201408823706330,Betty Snarie,1500000
3578073050742561,Wain Postill,1500000
3529994284436698,Rufus Probert,1500000
3573158895678958,Jorie MacCafferky,1000000
3533712166414037,Wallache Worsham,2000000
5236704915684056,Billie Bowker,1000000
3565676028919544,Cybill Pingston,2000000
6763770696523309,Mill Matyashev,2000000
56022443871468615,Jolynn Allitt,2000000
4041373974631321,Leslie Nutt,1000000
30547807824564,Marjie Kesteven,1500000
4175000539607201,Celene Klais,1500000
3538248333402089,Arabele MacGilmartin,2000000
3587858411108216,Keely Hartright,2000000
3573758237390871,Nowell Bladen,1500000
3571466320835446,Morganne Mapp,2000000
5602240617873339,Jana Hanwell,2000000
3539132871069097,Lucina Hebden,1000000
5394782439585130,Ashlee Simonelli,2000000
3535029078228555,Elfreda Darrow,1000000
4559228737822,Faun Reuss,1000000
5100148661884861,Ellwood Dark,1500000
3530785154669161,Lexis Golton,1000000
201985762959400,Candi MacGhee,1000000
6333484074093015,Abby Whoston,1000000
3555963566480291,Harriott Flay,2000000
3548196815838130,Querida Meachen,1500000
3559225585691787,Janean Taleworth,2000000
4903249808342254867,Mariska Purslow,2000000
5100136096463849,Jamima Younger,1000000
5100172418863812,Cookie Culligan,1000000
5048372565975980,Clea Copp,2000000
3540466118939366,Enoch Marsham,1000000
4508549807961862,Abagail Dancey,1000000
3563478223317653,Gunar Bumby,1000000
3543500693599232,Barbette Fallen,1500000
5100139171300910,Sanford Doniso,1500000
3576723611659355,Evy Demetr,1000000
30491225254684,Mariska Bragginton,1000000
3535258474018480,Yvonne Fishburn,2000000
3534204321389105,Cull Padell,2000000
3583762377285527,Dari Treanor,1500000
6304172879868158006,Inez McInerney,2000000
201702826722942,Daren Keedwell,1500000
6334140912528062,Audrie Stammler,1000000
5018684217100051556,Jemimah Luc,1500000
5602254565285743,Alvira Pedrozzi,1500000
3576182646395859,Rorke Babinski,1000000
3586935014281953,Tera Fynn,2000000
30143384792620,Anet Rotham,2000000
201552856409484,Wilden Tremain,1500000
3567688862932846,Laurie Milington,1000000
3579104806574518,Rawley Binnes,1500000
676726748446368858,Dwayne Mathouse,1000000
3554495838792428,Oralla Fosberry,2000000
30031258713741,Gavra Abrashkin,2000000
67614646320741470,Harri Gerritsma,1000000
374288000995018,Johnathon Milmore,1000000
3542025715002933,Katerine Bambury,1500000
3544515527813814,Jarad Izzard,1500000
3557920372371450,Barbey Morford,1000000
5108754808311908,Palm Smoote,1000000
3530855225698588,Lucais Benedtti,2000000
5602231637535586,Nester Aulds,1500000
3569472409085345,Lianna Jaskowicz,2000000
30168232862317,Obed Hamsley,1000000
3530466053760217,Stace Ramelot,2000000
6761859131354786648,Janka Anger,1500000
5602253090490505,Hughie Bacop,1500000
30557417006593,Major McErlaine,1000000
4017958867509,Evangeline Dufall,1500000
30133602667779,Bradney Yakuntzov,2000000
67591309963795645,Jesse Squeers,1500000
201877827357045,Davine MacMenamie,2000000
3568549524467671,Barn Soigoux,1000000
50202571067562604,Matias Killik,1000000
3585961765073481,Godart Baudet,1500000
589354241746602121,Mercedes Gwatkins,1500000
5602226878468778,Jehanna Docker,2000000
491146910032782183,Wallas O'Heneghan,1000000
3542122747088087,Sonnie Peyzer,1000000
3532940517420970,Irina Blundon,1500000
4026685778225573,Barbe Cancott,1500000
5010128398665220,Vivia Dallan,1000000
3566639402744291,Petronilla Cannavan,2000000
4508211639980574,Tod Ivashov,1500000
4026807666878947,Skyler Ellam,1500000
490561558161735122,Townsend Gell,1000000
676754204925988928,Guglielmo Varndell,1000000
3567399709885896,Ardeen Ourtic,1500000
5402183178582885,Yolane Greber,1000000
6333299824257009250,Jemmy Glendining,1500000
201700305143275,Zolly Stothert,2000000
5048372865713735,Artemis Atty,2000000
676221254429639126,Brenna Gheeorghie,2000000
3567270859561530,Larina Hansana,1000000
3549456285031684,Baudoin Haster,1500000
3563132520789342,Terrie Benazet,1500000
201908179207320,Zilvia Clowser,1000000
490565349604140849,Susy O'Mullaney,1000000
3539440911414706,Zack Philipot,1500000
201670084578647,Romy Please,2000000
3555383558193309,Earvin Grigorini,1000000
3580029416706506,Sophronia Everett,2000000
3571945859323734,Revkah Josowitz,2000000
6759619906681357048,Neil Dobing,1000000
3556456764475519,Germayne Penvarden,1500000
4405432935916229,Calli Farnaby,1000000
3569818359153378,Gates Braznell,2000000
6333768378330289142,Edgar Sayse,1500000
30020456577917,Laird Bartusek,1500000
5602255051277276,Mason Mumm,2000000
5038851706228153430,Cullan Petyankin,1000000
3552794530359011,Evered Tewes,1000000
6762750214475126,Justine Wollen,1000000
30481532412026,Patty Sandry,1000000
5602254206224099527,Tobe Bickerdicke,1000000
201594699201991,Darice Hartus,1500000
6759557492353932,Issi Choffin,1000000
5495932668413102,Catherine Cutriss,1500000
3544667689929019,Eziechiele Kolakowski,2000000
0604086552123016269,Loralyn Eyden,1500000
3536587770513326,Delinda Freddi,1000000
3552136994211751,Jenelle Fairebrother,1000000
630428487539311610,Dyan Stapford,1500000
3583965045110908,Tanny Friedank,2000000
633497218744337045,Kris Klemensiewicz,1000000
374783850180711,Alford Pillans,1500000
503851669703106232,Sibelle Loseby,1000000
5496776091332986,Gun Everton,1500000
4175008606796914,Darby Connolly,1500000
56022126637813998,Selina Balaisot,2000000
201591318889925,Meghann McDugal,1000000
3559983338336569,Alick Gounel,1500000
3589329688366778,Dmitri Saunper,1500000
3539013629535938,Aubine Chritchlow,1500000
5100147518890410,Kassia Klemke,2000000
3534139435702860,Jacky McCullagh,1000000
67634723602591869,Chere Ramelot,1500000
5298871711328124,Reinwald Kinghorne,1000000
5610451803724976,Denna Devote,1500000
5610087818346551,Petey Olivie,1500000
5545173159284328,Matty Iannuzzi,2000000
201432004495844,Elisabeth Arnli,1000000
30388744872303,Starr MacPherson,1500000
4405215255960889,Julieta Saunt,2000000
3564019005138203,Juliette Skeldinge,1000000
3583722145838023,Lenci Metcalf,1000000
6763961633210767,Tomlin Glaserman,1500000
3534568083556725,Helenka Northfield,2000000
3564695675870173,Cristobal Mufford,2000000
3543327938912842,Ansell Royle,1000000
201759503100875,Johnette Merrien,1500000
3573268887677460,Judith Dinneen,1500000
6761008313283220085,Audrye Haygreen,1000000
3543740486672446,Gianna Krebs,2000000
3528603238224156,Ruby Astin,2000000
4911663705850932779,Dougie Littlejohn,2000000
5602212463098915,Robenia Lello,1500000
4905376106805831820,Florinda Growcock,1500000
5297872351284479,Mellicent Tures,1500000
5602250285949102703,Abbie Whatson,1500000
5108756303844812,Jan Botterill,2000000
30383214125514,Marti Heinke,1000000
4936106196236109,Gal Turle,2000000
5108759137277118,Horten Zarfati,1500000
4017951264399,Codi Indgs,1000000
6767087922952707,Kerr Sivyer,1000000
5602256971018823790,Livvyy Mathelin,1500000
5100145888728111,Cyrill Harrington,2000000
374622053344296,Emmery Emanuele,1000000
3553231791007269,Leonhard Wittier,2000000
376198349297356,Malinde Foord,2000000
201512746544312,Welbie Geddes,2000000
633447323391311326,Melody Harlowe,1500000
4017959960402,Thurston Kobelt,1000000
6304854965286321,Cosmo Ouldcott,1000000
3550165346799231,Hamnet Ticic,2000000
4905646570130201,Niles Antognazzi,2000000
3553727841759346,De witt Brooksbie,1000000
201649365015925,Francene Claybourn,2000000
201956291251189,Aryn MacNeish,2000000
5602230465911067,Adel Lambard,1000000
4026195784943615,Ibbie Degan,1000000
675984905192002573,Clari Guys,1000000
5002351739585176,Rhody Hollyer,2000000
3540638689108478,Bertine Burress,1500000
3538010111863902,Adolph Pregal,1500000
5020501877945859,Engracia Iron,1000000
5571633840318402,Dionis MacCauley,2000000
490510586665387084,Dyanna Mutch,2000000
560225724935994753,Marcos Travers,2000000
3579602674591811,Nora Nicholson,2000000
5641827269969820,Lina Housecroft,2000000
589350808866442100,Hodge Chidwick,2000000
5007663901144854,Wesley Maplestone,2000000
3588864767464145,Robby Saffrin,2000000
36930895087142,Brandea Radke,1500000
4026946901801395,Kacey Heardman,1500000
6759640398913142583,Iona Aynold,1500000
3534706595794349,Lillian Perview,1000000
3569047029077334,Dyan Varnam,1500000
4936760126780664508,Elden Pallent,1000000
5100148237796573,Twila Chavrin,2000000
589326848583627600,Rudolfo Trahearn,1000000
3568584269610805,Nelson Beadnall,1000000
5140139495301711,Alfredo Tear,2000000
3583556089378418,Marina Ravenscroft,1500000
6706451942257568,Butch Rodie,1500000
3553044060211797,Maddie Landells,1500000
3548895674629445,Troy Maddaford,1000000
372553841928425,Albert Dillestone,1000000
201427595682768,Eden Goodwyn,2000000
376022324030220,Samara Heinzler,1500000
503872113219547220,Broderick Heading,1000000
5259740838505319,Taffy Piperley,1500000
3533221303941753,Filberte Bretelle,1000000
3587134408808394,Osborne Wilsdon,1500000
30325630898752,Jaime Walesby,2000000
4913243508837667,Simone Roxbee,1500000
3551305955973326,Pincas Quarrell,2000000
3547142600156495,Peggi Demead,2000000
4508128963116247,Suzy D'Alesco,1000000
3560693512029057,Sapphira Petre,1500000
3568027748456069,Billie Oakenfull,2000000
3579902204322046,Othilia Manjot,1500000
3528147328780586,Cloe Farbrother,1500000
5641827325180508481,Abey Ege,1000000
676774167572913323,Hettie Tebbe,2000000
201554263137435,Meredith Avent,2000000
5108752156910669,Calypso Paff,2000000
3540781117996856,Dexter Rottcher,1500000
3531350840343413,Zonnya McKmurrie,2000000
4041599798863134,Valery Vacher,2000000
201879175074164,Karna Nansom,1000000
5568095296292793,Nikolaos Ragbourn,1500000
5002353457638690,Mahmud Prise,2000000
5289576924461049,Nicole Marsay,1000000
4026020763708674,Ximenez Carmody,2000000
201958446423358,Norma Riehm,1000000
5610822298591023,Britt Gaze,1000000
670986205804818642,Woodman Banisch,1000000
3562825089119642,Halley Link,1500000
374283005841689,Marika Mather,1000000
5100171160759376,Kellby Hinckes,1000000
30359056741808,Zia Bolino,1500000
3572430588413386,Edan Upjohn,2000000
4917849271477675,Netta Gammell,2000000
4572094491317,Fields Burgwyn,1000000
5100178775538608,Marcellina Manton,1500000
4405195149354756,Mina Steele,1500000
3550040813277971,Delphinia Mordanti,1000000
30397416488256,Dianne Daniaud,1000000
4903722565848065,Giustina Pleming,1000000
3548602549438725,Garnet Keher,1000000
3552052663994322,Randolf Paylor,2000000
5232508191600429,Phyllida Routledge,1500000
4911515931749052,Elmer Clarage,2000000
3564815201516161,Lamar Shearer,1500000
3587240708890485,Jeri Vivers,2000000
6391202585108513,Isabel Izaks,1000000
4917378032923520,Charlene Farmer,1000000
6333275656841397447,Joachim Booth-Jarvis,1000000
3581001086564431,Rogers Burnyate,1500000
3570215818848481,Glen Hindrich,2000000
5115024479445711,Della Huddy,1000000
3529302087011629,Jenica Medcalf,2000000
3560671319155259,Aksel Titt,1500000
3579802805924507,Loreen Vaudin,1000000
6763204298416845,Lionello Lambersen,1000000
4026329478469179,Melantha Jump,1000000
3549507963711284,Justinn Bacup,1500000
67063016508154761,Gretta Rolingson,2000000
3537430785425112,Arlee Danielli,1000000
3529693204917320,Murray Gurney,1000000
5048371252911159,Inger Valintine,1500000
370865851635662,Minnie Dowthwaite,1500000
3581098690101618,Cleavland Merrgan,1000000
3545412165102172,Briano Timbridge,2000000
3586725316620499,Blondell Dionisii,2000000
560223147540450437,Janek Ferrarese,1500000
3557319893975362,Glyn Toovey,2000000
3585608218818976,Zsa zsa Rudland,1000000
3542339492544623,Jard MacGeaney,2000000
503847325788168467,Brandie Bere,1000000
374283716915038,Trixi Lawlee,1000000
490582641263936379,Silvan Devo,1500000
4175006449550308,Karlie Newell,1500000
374288324475424,Alanna Mepham,1500000
337941652938878,Melita Dinneges,1500000
5100131960394824,Silvain Lankford,1000000
3582226526350294,Merilee Fowells,1500000
3587057189134302,Garv Grealish,1000000
3536771930589554,Sonnie Muxworthy,1500000
6304926474340136,Eryn Maclaine,1000000
490315026520320290,Cody Iglesias,1500000
675932404924772128,Etta Lowdiane,1500000
30507675651945,Consolata Anfusso,1500000
3582796208492804,Ara Culpin,1000000
3573587411070540,Addie Yankov,1000000
3557844112817632,Arlene Bulter,2000000
370407457640604,Corny Dominey,1000000
3579537196847459,Nan Slingsby,1500000
5483665641297846,Leonidas Bertson,1500000
3559575069886026,Jesselyn Musselwhite,2000000
589312285893595258,Gideon Bambra,1500000
3582663653940671,Michele McLennan,2000000
5432331579228772,Nerissa Loble,1000000
201546246382039,Wrennie Reyner,1000000
3555956248946325,Cullan Robeson,2000000
4204069333981,Pancho Keningham,1000000
3548950494158941,Robinet Rosita,2000000
675993166467503980,Willi Sedgemond,2000000
4911460891529949,Mallory Wackley,1500000
36627555943354,Frayda Kirkland,2000000
3575816993704962,Kaia Rentelll,1500000
3552622894607875,Lilia Stoddard,2000000
3579405054243932,Ram Leivers,2000000
0604412456734778,Pace Lattie,1000000
0604098584457539,Anthe Fareweather,1500000
3561176095752385,Sally Pellant,1500000
3584361996385872,Alexandr Pobjay,1000000
3548728128019139,Sollie Serrels,2000000
372301715205508,Brittany Bende,1000000
3558012074752127,Gawain Gurery,1000000
201874810048467,Reeba Snipe,2000000
6763436954294177141,Alica Dyos,2000000
5374671043293922,Chloris Longworth,2000000
6767377366351587413,Rodolphe Layman,1500000
3545629518194453,Chiarra Oventon,2000000
3589687088434151,Adina Hazeup,2000000
4911017252941797724,Pincas Loyns,1000000
5610899265598876,Tani Woliter,1000000
3565780432311551,Avery Blackmore,1000000
4508180247537771,Cari Hobble,1500000
3542495413989402,Gallagher Dybell,2000000
4017950643620890,Dale Emanuelov,1000000
30375213537285,Bernetta Dellenbach,1000000
3536179415260982,Korney Berzins,1000000
3530527415453120,Roberta De Benedictis,1500000
3561836366409888,Keane Briant,1500000
5460474173431635,Reynard Laba,1000000
36135026764144,Jerrome Grzelczak,1500000
63045825763519233,Bridget Stapleton,1500000
5100148087625757,Cordie Mews,1500000
5104244881850935,Sashenka Whaplington,2000000
6767227532299108032,Ambrosi Burdytt,2000000
3576847804473983,Cash Horstead,2000000
3565115641765679,Emilee Sobey,1000000
30257088327168,Curtice Hugo,2000000
201665091531456,Moll Panichelli,2000000
5506351090436556,Danita Whiteley,2000000
3589471634120410,Cornelle Dwire,1500000
3545479811441254,Ronalda Redmell,1500000
6304389192996483,Whittaker Hathorn,1000000
5602221559223139,Rene Lotze,1500000
3533813141040739,Anselm Millen,2000000
3544185073192169,Roldan Bramwell,1000000
5602219592334137,Ricoriki McCartney,1500000
3531731851724973,Kellie Zaczek,1000000
3530276584866205,Kele O' Driscoll,1000000
5503396239669024,Hans Guitt,1000000
3544064222571567,Norby Sharman,1500000
4917588244778567,Annetta Collacombe,1500000
564182491560016681,Madella Capstack,1000000
06040879983432838,Stanley Hullins,1500000
5602230230419834,Burgess Gowman,1000000
3566888954518245,Elroy Casper,2000000
4905372910605281969,Laurena Upsale,2000000
5602237523413481,Catie Shevlin,1500000
4917692354341776,Melany Worg,1500000
4936444124045676,Sam O'Lenane,1000000
502082289831591636,Bradly Saylor,2000000
5100132619031635,Ursa Goodyear,1500000
5641827330742931270,Cybill Hankin,2000000
3580041942031671,Gusty Trammel,1500000
30381563993607,Ham Extence,1000000
3530338408303375,Melitta Adamsen,1500000
3589264041729752,Hobie Taill,1000000
36243286957349,Lydon Sweynson,1500000
5181637412662347,Tania Few,1000000
3578976389331304,Arnuad Pockett,1000000
3535576852388385,Bibi Kittel,1500000
3577413291168971,Tedi Atthowe,1000000
493687247333620692,Ezri McConway,1000000
201563061067363,Gregor Ceaplen,1500000
6388909843994022,Eldridge Westley,1500000
5198726849192233,Annabal Blackler,1500000
4017959648566206,Delia Ambroisin,2000000
5475495160340524,Rennie Winn,1500000
5428196700164881,Mill MacCafferky,1500000
6396001584005133,Ashton Kerwick,1500000
201744483436440,Abe Bett,1000000
3572434485740990,Anette Arghent,1000000
6762978262265327,Larina Brittan,1500000
3587379692706677,Latisha Hallitt,2000000
3573155673266105,Danyelle Duggan,1500000
3561844783516194,Whitman Gransden,2000000
5048370572573814,Avram Bahlmann,2000000
4175009850298698,Gerick Cleminshaw,2000000
3580110316169126,Sargent Mapowder,2000000
6379726042274233,Dora Lemery,1000000
5581321329669895,Aloisia Noore,1500000
676333731911511488,Alejandro Millichap,2000000
4405422255353574,Niko Gogin,1000000
5602246385705033,Ariel Passby,2000000
5401413709000144,Danika Nelsen,2000000
337941968126283,Khalil Tift,1000000
372301778408908,Nancey Erett,2000000
6759562922485264477,Dulci Walls,1000000
337941292936738,Lindsay Janos,1500000
3580053304747224,Niall Dovydenas,1000000
3566060407168099,Mariann Jude,2000000
5100136365705250,Kristyn Brearley,1500000
490309642024526477,Orly Shields,1500000
3530126943002226,Jacques Varker,1500000
3546607457021357,Francesco Stockport,2000000
6771449665176027398,Thia Lowings,1500000
3584127826830993,Dinnie Precious,1500000
3570396206481554,Dunstan Butler,1000000
6767951933762746,Jeniffer Bursnoll,1000000
3568185231543072,Evie Korba,1000000
3554396427725433,Flem Bittleson,1000000
3577956122252554,Winfred Kasparski,2000000
3561675719022737,Rita Gullan,2000000
3573451738723218,Ignacius Becket,2000000
3585207502046756,Ortensia Gisburn,2000000
4508748603558712,Ivett Abrey,2000000
3528284986027693,Irving Akhurst,1500000
378436566504684,Miner Warstall,1000000
3568640003659589,Vittoria Ivanchikov,2000000
6767273308876720504,Blane Giovanetti,1000000
374622078986220,Benyamin Brabban,2000000
3577597127321000,Oralee Palay,2000000
6304060996507376,Loree Deamer,1500000
3529605102050210,Gwennie Bowller,2000000
5184245895565925,Ryun Canniffe,2000000
5311752316939460,Gwenni Crowche,1000000
6334131441060339,Tonia Vaskin,1000000
6333189968956328017,Shae Oen,1500000
3531206978639289,Boot Tethacot,2000000
67066845003834494,Gretchen Russ,1000000
5610345661160549,Emmalee Hubbart,2000000
3530287379922301,Winslow Gurys,1000000
3553004336887697,Stan Lazare,1500000
6759103013469582,Evita Johnsey,1000000
676286985886308406,Sig Cicutto,1000000
5002357523914985,Gearard Fealey,1500000
201453545809020,Perry Mellodey,1500000
5100173236902766,Raynell Chaffe,2000000
3582701184989062,Otes Snoddin,2000000
3552530838871681,Nikolos Glancey,1500000
201806525467665,Giselle Dennis,1500000
4041598752475,Goober Grinnikov,1500000
63045615373610856,Bil Elsegood,1500000
06042676136095571,Thorpe Maddrah,2000000
3541320877598617,Orren Cuerdale,1000000
3578486991360691,Grantham Dufton,1500000
6762642924499680019,Tybie Loadsman,2000000
3542730047104931,Liv Windless,1500000
3570974021046016,Dorri Capnerhurst,1500000
3577896726730268,Loella Peek,1000000
3569497088792358,Bearnard Dreng,1500000
5500678497954369,Olimpia Fursse,2000000
6377727736856394,Calla Filppetti,1000000
3571615204522914,Lars Helsdon,1500000
3580781658745325,Augie Kobierski,2000000
4041379912631786,Dell Oldershaw,1500000
374288232470426,Berny Sisland,1500000
4917583655555778,Teddie Sherwood,1500000
30162198141402,Ora Ahlf,2000000
3563479525269121,Tommi Duthy,1000000
3538157752361470,Carney Maddicks,1500000
6334193439892714373,Linet Cobby,1500000
3573719756579609,Meridel Succamore,1500000
201926802483662,Emmott Bunyard,2000000
6759342503608859,Enrika Jado,1000000
36079055397915,Eugenius Hulatt,2000000
5641821878447990484,Tracee Corness,2000000
372301370384614,Orton Joe,1500000
201700618696126,Ulrica Imloch,1500000
30055221011982,Orren Cissell,2000000
374819638278151,Amberly Maddra,1500000
5602248578868388,Alyda McCambridge,2000000
5610432752364923,Rickey Dumigan,2000000
3544310146548144,Johanna Wilton,1500000
5020011685368048847,Rufe Klein,1000000
374288919014232,Gilda De Souza,2000000
201855985202120,Inga Davers,2000000
675941021958084169,Nona Bletsoe,2000000
4026990914663624,Pieter Khan,1000000
343748007181076,Lesli Sleet,2000000
5602248090967806366,Dwight Hattam,1500000
3576066974001207,Roldan Birchenough,1000000
372301157681356,Rockie Tearney,1000000
3582831510927153,Brooke Ygoe,1500000
3579295292862068,Jilleen Szepe,1000000
3548611808919085,Artair Merrisson,1000000
3586087470942106,Emmye Goosey,1000000
4917640306038651,Sara Petrasch,1500000
3534054729396784,Zebadiah Thomelin,1500000
5100143983384997,Ardella McIlriach,1000000
6709297609641207,Glory Frankiss,1500000
4508403488023297,Noelyn McEntegart,2000000
3544046680841988,Bartlet Pavie,1500000
6759331827633792297,Paige Dickson,1000000
4913781398884794,Cori Rostern,2000000
5007669517352245,Gertrude Pike,2000000
633426297627225515,Taffy Meneyer,2000000
0604946684359351613,Ruddy Leonarde,1500000
5383249131087818,Daffy Denidge,1500000
3564304800396358,Puff Storry,1500000
201570353162752,Carine Maron,1000000
3531153784765504,Lissi Turone,1500000
201917358390492,Carlynne Sibly,1500000
30060677452474,Cello Gorghetto,2000000
5138447503598085,Ailsun Lorait,1500000
3536709242684192,Margery Charker,1000000
4026784144103117,Odey Lemmens,2000000
6709651208691453287,Angie Beardsdale,2000000
5518727873436226,Angy Handrek,2000000
5602216308245565,Jeanette D'Elia,2000000
5507043653419496,Timmy Shapera,1500000
4936149482121137189,Ki Carlisi,1500000
3539121142467776,Gabriela Climpson,1000000
3547965805161401,Maxi Ogborn,1500000
3569474586801262,Tammie Locock,1000000
3562728708740055,Gaby O'Clery,1500000
3541463119279172,Donnajean Lozano,2000000
3582216691875589,Dal Alpe,1500000
3561070883243303,Devonne Harris,1000000
378453648727282,Dagmar Innman,2000000
5305095882353478,Jerrie Ranner,2000000
348352814573297,Clyde Arnett,2000000
3532582348037837,Richard Passler,1000000
4318479884974580,Ysabel Hodgins,2000000
30161200928137,Hollie Kyngdon,1000000
3539625042517993,Sarene Hallmark,1500000
3535435524926025,Noble Towlson,1000000
3588611373566692,Curtice Sunnex,1000000
3579267433144011,Margaretta Gimber,1000000
67638682882351376,Galven Minerdo,2000000
5602234422728523,Shermie Twidale,1500000
6381816388239142,Sofia O'Currane,2000000
4911636468097192,Cesya Trusse,1500000
3547172616205077,Kevyn Symons,2000000
3534695632722498,Ravi Bellany,1500000
5422230305317846,Ransell Cockroft,2000000
3540559398250627,Ivie Calderon,1500000
30160510374131,Gerhardt Escala,2000000
3542013385482114,Tully Sloley,1000000
3575859184327961,Heindrick Matfin,1500000
3528206110980737,Kristos Dowson,2000000
4917418014840845,Nerta Wardroper,1000000
6334723860877653626,Gasparo Folonin,1500000
3562339446744233,Vincenz Fellgatt,1000000
3571048367408715,Emelda Ralph,2000000
4017951423284,Wendeline Heaker,1500000
3585384287452531,Eadith Overpool,1000000
3528224098780284,Magdaia Blodgett,2000000
374288982021338,Anthiathia Treske,1500000
6767524521068881,Des Atthowe,1000000
675901331834437574,Carey Gaddes,1000000
3552451248702095,Storm Giovannelli,1000000
3589758147862268,Randie McDowell,1500000
5100143884706124,Perceval Mapledorum,1000000
3563415311871704,Nolly Wyvill,1500000
6761488239548227350,Gustav Cuttin,1500000
3531203514111170,Ash Keith,1000000
67093726086609630,Smith Beecker,1500000
676150290645612997,Phillipp Basire,1000000
3554560740946972,Guntar Sodeau,2000000
6389621917337744,Monika Shorton,1000000
3540291349920567,Cyrill Braganza,1000000
201667743197355,Dee Cuseick,1500000
5893883194568257,Blake Pitone,1500000
4041372822775,Pepillo Izard,1000000
3544621960499846,Glynis Haccleton,1000000
3565461754843824,Aindrea Regorz,2000000
67620309538694047,Phyllys Norker,1500000
3532310674940113,Belicia Morrowe,1000000
3569460366797721,Giustino Shirlaw,2000000
3542905632390711,Tailor Scouller,1500000
4646467962553080,Clarisse Siggee,1500000
6771342795133239816,Vania Withers,1000000
