id,nombre,apellido,genero,cal1,cal2,cal3,cal4,cal5,prom,clase
1,Morley,Britzius,Female,9,11,9,6,9,,D
2,Ermina,Comberbeach,Female,12,8,9,5,8,,C
3,Dareen,Maffione,Agender,11,10,9,6,7,,C
4,Horten,Vallow,Polygender,12,8,8,6,6,,B
5,Arch,Bogart,Non-binary,12,9,8,7,5,,C
6,Karlotte,Arnson,Bigender,9,8,8,7,9,,A
7,Normie,Di Biaggi,Polygender,8,11,8,7,7,,C
8,Michaelina,Karpe,Male,10,11,8,7,9,,E
9,Maje,Dreghorn,Genderqueer,11,8,9,5,5,,C
10,Gillian,Vitet,Polygender,8,11,8,6,6,,E
11,Trix,Taylor,Female,9,10,8,6,5,,A
12,Concettina,MacKartan,Genderqueer,11,11,8,6,8,,B
13,Leighton,Teall,Bigender,11,8,7,7,6,,A
14,Kalvin,Kitchaside,Female,9,10,7,7,6,,B
15,Rosette,Rumin,Bigender,12,11,9,7,7,,C
16,Roscoe,Allchin,Male,11,10,7,5,5,,D
17,Tallie,McKeney,Genderqueer,11,8,8,7,6,,E
18,Friedrick,Keggin,Genderfluid,8,11,7,5,9,,A
19,Roscoe,Simanenko,Agender,8,9,9,5,9,,B
20,Gregg,Tett,Female,11,11,8,5,9,,A
21,Evie,Wetherhead,Bigender,12,8,8,5,6,,D
22,Linnie,Bennedsen,Male,11,10,9,5,6,,E
23,Scarface,Attkins,Bigender,10,8,8,5,9,,D
24,Stephi,Gigg,Male,9,9,9,7,5,,A
25,Jaime,Henriques,Bigender,10,10,7,6,5,,D
26,Florri,Autin,Bigender,10,10,9,5,6,,C
27,Binky,Creak,Female,10,11,8,5,7,,E
28,Suzi,Lanchberry,Genderqueer,12,9,9,6,6,,B
29,Hale,Cumming,Genderqueer,9,11,7,6,5,,E
30,Byrom,Auty,Female,8,11,7,6,6,,C
31,Aaren,Soutar,Polygender,11,10,9,6,9,,C
32,Belinda,Bramah,Genderqueer,10,9,7,6,8,,B
33,Lamont,Otridge,Polygender,9,9,7,7,7,,C
34,Lezlie,Codrington,Genderfluid,10,8,7,5,6,,A
35,Madelina,Matchett,Female,9,8,7,7,8,,A
36,Koral,Wilber,Genderfluid,8,9,7,5,9,,E
37,Tracy,Nibley,Bigender,10,9,8,7,9,,E
38,Magdalene,Kemmish,Non-binary,10,11,9,7,9,,E
39,Jose,Twatt,Genderfluid,11,10,7,7,6,,E
40,Silvie,Betteriss,Male,10,11,7,7,7,,B
41,Adriaens,Dinjes,Bigender,8,9,7,5,7,,C
42,Trish,Pimerick,Female,11,9,9,6,7,,E
43,Zach,Campo,Male,8,10,7,6,8,,A
44,Gian,Pearle,Polygender,11,11,8,6,8,,C
45,Sawyere,Raraty,Bigender,8,9,7,7,8,,A
46,Willy,Shipley,Agender,12,10,7,7,7,,D
47,Hilde,Butland,Female,9,11,7,7,5,,B
48,Diarmid,Castillo,Male,8,10,7,5,6,,D
49,Kerk,Loy,Polygender,8,10,8,7,5,,D
50,Galvan,Stiegar,Non-binary,11,8,8,5,7,,C
51,Madge,Dincke,Non-binary,8,8,8,6,7,,A
52,Debra,Scones,Non-binary,9,9,8,7,7,,B
53,Fransisco,Chieco,Male,11,11,9,5,9,,A
54,Letisha,Shilladay,Genderfluid,9,11,9,6,7,,A
55,Shelagh,Kenyon,Female,11,8,9,6,7,,E
56,Brandie,Winsom,Male,12,9,8,6,9,,D
57,Ofella,Scripps,Female,9,11,9,6,6,,B
58,Idell,Barron,Polygender,10,8,8,5,7,,E
59,Dedra,Rawkesby,Non-binary,9,11,7,7,9,,D
60,Joceline,Adam,Genderfluid,12,8,8,6,8,,A
61,Willey,De Ortega,Female,9,11,7,5,8,,A
62,Natala,Trigg,Non-binary,10,11,8,7,6,,C
63,Dynah,Pinch,Polygender,8,11,7,6,6,,D
64,Isaiah,Laurence,Female,12,10,8,6,9,,A
65,Neal,Tavener,Polygender,12,10,9,6,7,,E
66,Anjanette,de Clercq,Female,8,10,7,7,8,,B
67,Marlane,Corcut,Agender,9,8,9,6,7,,A
68,Mel,McGrae,Polygender,10,11,8,5,6,,D
69,Ernestus,Tarborn,Genderfluid,10,9,9,5,7,,B
70,Eula,Roiz,Genderqueer,8,10,8,5,6,,E
71,Ave,Winkworth,Female,10,11,8,5,7,,C
72,Elbertine,Mussolini,Bigender,12,9,7,7,7,,A
73,Randy,Radford,Agender,11,8,8,6,8,,A
74,Robinia,Wallenger,Genderqueer,12,11,7,7,7,,B
75,Frazer,Sale,Female,12,8,9,7,6,,D
76,Irwin,Holberry,Polygender,8,11,8,5,5,,C
77,Oby,Weblin,Agender,12,9,8,7,5,,A
78,Ulysses,Suttill,Polygender,12,11,7,5,5,,D
79,Meagan,Pecey,Male,9,10,8,7,8,,D
80,Leyla,Riggeard,Agender,11,10,8,6,9,,A
81,Normy,Swine,Female,12,10,7,6,5,,A
82,Claire,Roffey,Genderfluid,9,8,9,6,5,,E
83,Carmel,Newstead,Male,10,9,7,6,7,,B
84,Lauraine,Bangiard,Genderqueer,11,8,7,7,6,,A
85,Lisabeth,McKearnen,Genderfluid,10,9,7,5,7,,D
86,Lance,Laville,Genderfluid,12,8,9,7,8,,B
87,Bryanty,Hinstock,Genderfluid,9,10,7,6,8,,B
88,Korrie,Heinonen,Non-binary,10,9,7,6,5,,B
89,Lanni,Banstead,Non-binary,8,8,7,5,5,,C
90,Candy,Bordman,Polygender,11,11,8,5,8,,E
91,Kelila,Posselow,Non-binary,8,9,8,6,9,,A
92,Traci,Job,Agender,12,9,7,7,7,,E
93,Robin,Dowles,Genderqueer,11,11,8,5,7,,D
94,Gabie,Ticehurst,Polygender,9,11,8,6,7,,C
95,Tana,Zambonini,Genderqueer,8,11,9,7,5,,B
96,Hartwell,Lilian,Male,11,9,9,6,5,,B
97,Orelie,Peart,Genderqueer,10,8,7,5,5,,D
98,Shannon,Eldershaw,Agender,8,10,9,7,8,,C
99,Carolann,Brandom,Male,8,10,9,7,7,,E
100,Nadya,Tomblings,Genderqueer,11,11,8,6,8,,A
101,Tammie,Seyler,Agender,9,9,7,7,8,,C
102,Cammy,Monk,Polygender,11,11,7,6,7,,D
103,Cherri,Moyers,Polygender,9,11,9,6,7,,D
104,Martin,Berry,Genderfluid,11,11,8,6,5,,D
105,Kathryne,De Francisci,Male,10,9,8,7,6,,C
106,Ansel,Bettleson,Agender,10,9,9,5,5,,B
107,Cristobal,Lardez,Male,8,10,8,6,7,,E
108,Warde,Sinkinson,Genderfluid,9,9,8,6,9,,A
109,Levi,Mohring,Genderfluid,11,11,9,7,8,,A
110,Francklin,Fiddian,Genderqueer,11,11,8,6,5,,E
111,Rodrique,Thulborn,Agender,10,8,7,6,5,,B
112,Humfried,O'Loughlin,Polygender,9,9,7,6,8,,B
113,Dorie,Maliffe,Non-binary,8,8,9,7,5,,E
114,Dill,O'Heffernan,Female,12,10,7,7,7,,A
115,Cortie,Jakovijevic,Female,12,10,8,6,9,,B
116,Tiler,Roches,Genderqueer,10,11,9,5,8,,E
117,Tadd,Haggata,Polygender,8,9,8,6,5,,E
118,Jackelyn,Cargo,Polygender,9,11,8,7,7,,C
119,Zacharias,Abercromby,Genderqueer,10,11,7,7,8,,E
120,Amity,Flack,Genderfluid,10,9,8,7,6,,E
121,Beckie,Balls,Female,10,10,8,6,6,,E
122,Cristin,Skippen,Polygender,10,8,8,5,5,,D
123,Nicol,Piggens,Bigender,12,8,9,7,8,,A
124,Sumner,Addington,Agender,8,10,7,6,5,,E
125,Catrina,Noddings,Genderfluid,8,10,9,6,9,,A
126,Gertrud,Le Borgne,Bigender,9,9,7,7,8,,D
127,Lancelot,Binnes,Agender,11,10,7,7,6,,C
128,Larina,Muckersie,Bigender,8,9,8,5,6,,A
129,Flin,Brittoner,Non-binary,9,8,7,5,8,,E
130,Shanna,Hardwich,Agender,10,10,8,6,6,,D
131,Danica,Sealove,Female,10,8,8,7,9,,D
132,Lawton,Marchand,Genderfluid,10,11,8,6,6,,B
133,Pail,Bolderoe,Polygender,8,11,9,5,7,,D
134,Aguie,Griniov,Male,12,11,7,7,7,,B
135,Kaitlyn,Pomfrey,Non-binary,10,8,7,7,5,,B
136,Dougie,Merigot,Genderqueer,11,9,9,5,5,,C
137,Kerwin,Rochford,Genderqueer,12,8,7,6,5,,A
138,Kara,Barthelme,Polygender,9,9,8,6,7,,A
139,Lorene,Peotz,Non-binary,8,9,7,7,8,,E
140,Myrwyn,Coughlin,Female,9,9,9,5,6,,B
141,Reggie,Ibbitt,Non-binary,9,8,8,7,7,,C
142,Bertina,Vedstra,Bigender,10,11,7,6,7,,A
143,Cordy,Philippault,Male,12,10,7,7,5,,C
144,Evangelina,Carlick,Genderqueer,10,10,8,6,8,,B
145,Guenevere,Salliere,Genderqueer,12,9,8,7,7,,D
146,Dov,Jizhaki,Polygender,8,9,7,6,6,,E
147,Galvin,Crombleholme,Agender,12,10,7,6,5,,B
148,Nichol,Fairbourn,Non-binary,9,10,9,6,7,,B
149,Janela,Girardy,Non-binary,8,9,9,6,9,,D
150,Bertine,Latey,Female,11,9,8,6,5,,E
151,Ellery,Dearell,Genderqueer,11,9,8,6,6,,C
152,Sadella,Mussettini,Male,8,10,7,7,5,,B
153,Marve,Fundell,Male,12,8,8,7,6,,D
154,Ariadne,Haldin,Bigender,10,11,9,6,6,,A
155,Nevile,Calcraft,Non-binary,9,10,9,7,9,,E
156,Freddie,Stoute,Non-binary,9,10,8,7,8,,A
157,Reagen,Roberson,Genderfluid,11,11,7,6,6,,D
158,Berenice,Dinis,Genderqueer,10,11,7,5,6,,B
159,Shanda,Shooter,Non-binary,12,11,7,6,9,,B
160,Cad,Simic,Male,11,9,8,5,5,,B
161,Hali,McCuthais,Agender,9,11,9,5,9,,C
162,Abagael,Tomaszczyk,Bigender,9,11,9,7,5,,E
163,Joyan,Jorck,Polygender,11,9,8,5,7,,E
164,Tish,Overington,Bigender,10,8,7,5,9,,D
165,Trace,Cossar,Genderfluid,11,11,9,6,8,,E
166,Rubie,Witts,Bigender,12,8,8,7,8,,A
167,Pamella,Belfit,Female,12,9,8,7,6,,A
168,Dewain,Blackborow,Genderqueer,11,10,9,5,5,,D
169,Cornelia,Krahl,Genderfluid,11,11,9,5,7,,E
170,Valentine,Peek,Agender,9,11,7,6,7,,C
171,Trace,Grunguer,Non-binary,8,11,8,7,9,,C
172,Melva,Redsull,Agender,11,9,7,6,9,,A
173,Meryl,Wanless,Female,12,10,8,6,6,,D
174,Whitney,Fortune,Bigender,10,10,9,7,5,,A
175,Rab,Bernardeschi,Non-binary,11,8,8,7,5,,B
176,Robby,Geaves,Male,12,8,7,5,9,,E
177,Roz,Smorthit,Female,12,8,7,6,8,,E
178,Rourke,Macrae,Genderfluid,8,9,9,7,9,,B
179,Grover,McGinty,Male,12,11,9,7,8,,C
180,Delora,Ghione,Bigender,10,9,9,5,7,,E
181,Pate,Nealy,Polygender,12,11,7,7,9,,B
182,Lenora,Sanchez,Non-binary,11,10,7,5,7,,E
183,Sayres,Knowlden,Bigender,9,9,8,7,6,,A
184,Llywellyn,Costin,Genderfluid,8,9,9,5,6,,C
185,Evangeline,Moreside,Polygender,12,8,8,5,8,,C
186,Gail,Graal,Bigender,10,9,8,6,9,,D
187,Sallyann,Hancock,Bigender,9,8,8,5,5,,E
188,Barbabas,Thieme,Polygender,12,10,9,5,7,,B
189,Linnet,Botting,Genderfluid,8,11,8,5,7,,C
190,Allistir,Pods,Bigender,9,10,9,6,5,,E
191,Karyn,Grinikhin,Male,11,11,9,6,7,,E
192,Baxy,Rumin,Polygender,12,10,8,7,5,,D
193,Tally,Goney,Bigender,9,11,7,5,7,,A
194,Bonnie,Brinkley,Male,11,11,9,6,7,,B
195,Vin,Veldstra,Agender,11,8,9,5,9,,B
196,Jorgan,Garvey,Male,9,10,7,5,8,,A
197,Gian,Cornwell,Genderfluid,8,11,9,6,8,,D
198,Hedvige,Attrill,Genderqueer,9,11,9,6,8,,E
199,Pierette,Stockin,Non-binary,10,10,8,7,8,,A
200,Raleigh,Corsham,Polygender,9,10,8,6,7,,E
201,Myca,Tolerton,Bigender,11,8,9,7,8,,E
202,Krystal,Firbanks,Polygender,12,10,8,6,7,,E
203,Andonis,Dugmore,Male,8,9,8,7,7,,E
204,Angela,Rittelmeyer,Non-binary,9,9,7,5,9,,C
205,Zach,MacFarlan,Genderqueer,11,9,8,7,7,,E
206,Ives,Coggan,Agender,10,11,8,6,9,,A
207,Janean,Cambling,Agender,10,10,9,7,6,,C
208,Suzanna,Downgate,Bigender,10,8,9,6,5,,C
209,Ardine,Caroli,Non-binary,10,11,8,5,8,,A
210,Dal,Wasielewski,Male,10,9,8,6,7,,D
211,Bret,Greenman,Genderfluid,10,9,8,6,7,,C
212,Laureen,Lambarton,Agender,11,10,7,6,8,,D
213,Peggie,McComb,Male,8,9,7,6,6,,E
214,Dione,Foye,Genderqueer,9,8,8,6,6,,C
215,Jack,Madeley,Non-binary,9,8,8,5,9,,B
216,Lianne,Dalgetty,Bigender,8,11,9,6,7,,D
217,Aldis,Molines,Female,9,9,7,5,6,,E
218,Cristie,Kitchen,Polygender,8,8,7,5,9,,E
219,Barnaby,Ciciotti,Genderfluid,11,11,7,7,5,,C
220,Karil,Klebes,Agender,10,8,7,6,7,,A
221,Cristionna,Hasted,Genderqueer,10,11,8,7,5,,B
222,Aeriel,Benwell,Bigender,11,10,8,6,6,,B
223,Doreen,Dargue,Non-binary,9,9,8,7,7,,A
224,Selle,Wilde,Male,8,11,7,7,7,,E
225,Danica,Flament,Genderfluid,9,8,7,7,8,,B
226,Kendricks,Coneley,Agender,11,9,7,5,5,,A
227,Lindsey,Lotherington,Female,8,9,9,6,5,,A
228,Gilemette,Heistermann,Polygender,9,11,9,5,7,,D
229,Flo,Paolo,Genderqueer,12,10,7,7,7,,B
230,Kenneth,Pendlebery,Male,8,10,7,7,9,,B
231,Morris,Olivet,Genderfluid,11,8,8,7,5,,C
232,Tabbie,Stickney,Non-binary,8,10,7,6,5,,D
233,Marilee,Yardy,Genderqueer,11,11,8,7,5,,C
234,Carlie,Swayton,Bigender,11,9,7,7,7,,C
235,Johny,Kivlin,Genderfluid,9,10,7,7,8,,D
236,Etheline,Stiger,Non-binary,10,11,9,5,9,,E
237,Leslie,Saywood,Polygender,12,11,9,7,6,,A
238,Ruperta,McGrory,Non-binary,12,9,7,7,5,,A
239,Ermentrude,Bellie,Genderqueer,12,10,7,7,9,,A
240,Crystie,Welfare,Agender,8,10,9,7,6,,C
241,Birch,Celier,Female,11,9,9,7,9,,C
242,Daron,Gore,Polygender,9,11,8,7,7,,B
243,Cyrille,Royston,Agender,11,10,7,6,6,,C
244,Deny,Ainsworth,Female,11,9,7,5,7,,A
245,Tedie,Haukey,Genderqueer,8,10,9,5,7,,C
246,Sonny,Simenet,Genderfluid,10,9,7,5,5,,D
247,Dyanna,Manchester,Genderqueer,12,8,7,7,9,,A
248,Brandice,Orsi,Genderfluid,12,11,9,7,5,,E
249,August,Farquhar,Genderfluid,12,11,7,7,7,,A
250,Corri,Juza,Female,9,8,8,5,6,,C
251,Angy,Glacken,Agender,11,11,9,6,8,,A
252,Marisa,Peiser,Agender,8,9,8,5,7,,A
253,Vernor,Leaburn,Genderqueer,11,10,7,6,5,,C
254,Jarred,Kingscote,Genderqueer,11,8,8,7,7,,E
255,Lara,Astill,Polygender,8,10,9,7,5,,B
256,Randie,Stickley,Genderqueer,8,11,7,7,9,,C
257,Thurston,Lipscombe,Male,8,9,7,6,8,,C
258,Florette,Calcraft,Bigender,11,9,7,5,9,,D
259,Aloin,Frondt,Polygender,9,9,8,6,5,,B
260,Rozanna,Mochan,Non-binary,8,10,7,5,9,,D
261,Osmund,Spera,Bigender,9,8,7,5,7,,D
262,Linea,Sawkin,Non-binary,8,9,7,7,6,,B
263,Boyce,Pittam,Male,12,10,7,7,6,,E
264,Clarinda,Snawden,Genderqueer,9,9,9,6,7,,B
265,Livvyy,Woodbridge,Genderqueer,8,8,8,6,5,,B
266,Orin,Parradye,Polygender,9,9,8,6,7,,C
267,Atlante,McGruar,Non-binary,8,9,8,5,6,,B
268,Issie,Escalera,Agender,9,10,7,5,6,,C
269,Morie,Livett,Male,12,11,7,5,9,,C
270,Jewelle,Corbally,Bigender,8,9,9,6,9,,C
271,Cart,Ashworth,Female,11,11,7,7,6,,A
272,Sasha,Glavis,Male,10,9,8,6,6,,C
273,Glenda,Godbert,Agender,10,9,8,7,7,,A
274,Shirline,Lakes,Female,11,8,8,6,8,,E
275,Midge,Vineall,Male,12,11,7,6,9,,B
276,Asia,Daveley,Male,12,10,9,7,5,,D
277,Axel,Fathers,Non-binary,12,11,7,5,8,,E
278,Kirbee,Ketchell,Non-binary,11,9,8,7,7,,D
279,Dinah,Snuggs,Genderfluid,8,11,7,5,8,,D
280,Porter,Cardiff,Agender,9,9,9,6,8,,C
281,Clementia,Aistrop,Agender,8,9,9,6,6,,D
282,Josselyn,Brymner,Agender,9,8,8,5,6,,B
283,Clemmie,Drinkhill,Bigender,8,11,7,7,9,,A
284,Hester,Cornforth,Agender,12,10,9,6,9,,D
285,Lurette,Ferrero,Agender,10,11,9,5,9,,E
286,Giusto,Croughan,Genderqueer,8,8,9,5,5,,A
287,Hyacinth,Chopy,Bigender,8,8,7,6,5,,E
288,Cathrin,Falconar,Polygender,10,9,7,7,6,,E
289,Alexandrina,Ablott,Genderfluid,9,9,8,5,5,,B
290,Parker,Warlowe,Agender,10,8,9,7,8,,B
291,Nicol,Pickrill,Non-binary,12,10,9,6,6,,C
292,Justis,Gravells,Genderfluid,12,11,7,6,7,,E
293,Kelley,Leteurtre,Bigender,8,9,8,7,6,,C
294,Lavinie,Pettiford,Male,10,8,7,7,9,,A
295,Tallie,Humbey,Bigender,11,10,9,7,8,,B
296,Avrit,Simmers,Polygender,8,8,7,6,9,,E
297,Thorin,Lafferty,Female,12,10,7,7,6,,B
298,Avis,Jako,Genderfluid,8,11,7,6,8,,B
299,Tiffie,Sowten,Non-binary,12,8,8,5,9,,D
300,Ashlin,Kinghorn,Genderqueer,11,11,7,6,5,,A
301,Niall,Bengtsson,Polygender,9,11,9,6,9,,D
302,Town,Weatherdon,Bigender,10,11,9,6,6,,E
303,Sal,Children,Genderfluid,12,10,9,5,5,,B
304,Stavro,Pudding,Genderqueer,11,10,7,5,5,,C
305,Corny,Forst,Female,12,9,8,6,6,,A
306,Francisca,Raynor,Genderfluid,9,9,7,7,5,,E
307,Ardeen,Rydeard,Female,12,8,7,5,7,,D
308,Lorianna,Dyka,Non-binary,8,10,8,5,7,,A
309,Ilise,Slemming,Female,9,10,8,7,9,,B
310,Muffin,Carnier,Genderfluid,9,11,8,7,9,,C
311,Scott,Poolton,Genderqueer,10,11,7,6,6,,B
312,Arlena,Borsnall,Agender,10,11,8,7,7,,C
313,Abie,Holligan,Female,12,11,7,6,8,,B
314,Gweneth,MacMillan,Genderfluid,9,9,9,7,7,,E
315,Stearne,Finlason,Female,11,9,7,5,6,,E
316,Gerhardine,Duns,Bigender,8,10,7,6,9,,B
317,Chev,Akrigg,Polygender,8,9,7,7,5,,D
318,Eleonore,Triplett,Non-binary,11,11,7,6,7,,D
319,Artur,Laxon,Genderfluid,8,8,9,6,9,,D
320,Vernen,Cotgrove,Non-binary,9,11,9,7,5,,E
321,Dillon,Savoury,Genderqueer,11,10,9,7,7,,A
322,Rodi,Butrimovich,Genderqueer,9,10,7,7,8,,B
323,Peggy,Ruddle,Bigender,12,10,7,6,7,,E
324,Elbertina,Stedson,Non-binary,10,11,7,7,7,,E
325,Alica,Beernt,Non-binary,11,10,8,7,8,,B
326,Gates,Riddler,Non-binary,9,10,8,5,9,,D
327,Allie,Rout,Bigender,10,8,8,7,5,,A
328,Aluino,Clyant,Bigender,8,10,8,7,9,,B
329,Mylo,Takis,Non-binary,12,11,9,7,7,,E
330,Dare,Domengue,Polygender,9,9,8,5,9,,D
331,Klemens,McKnish,Bigender,11,10,9,5,6,,C
332,Arline,Sans,Female,8,10,9,6,7,,E
333,Gar,Canby,Agender,12,10,8,7,7,,E
334,Berri,Allcorn,Genderqueer,9,9,7,7,6,,C
335,Adrea,Lowne,Agender,9,8,7,5,6,,C
336,Tonnie,Crispin,Male,12,8,7,7,9,,A
337,Laney,O'Feeney,Polygender,8,9,9,5,6,,A
338,Artemas,Briztman,Genderfluid,8,8,8,7,8,,C
339,Ashia,Ongin,Male,10,10,9,7,5,,B
340,Malvina,Hyrons,Female,11,8,7,5,5,,C
341,Garrard,Kivelle,Agender,11,8,9,5,5,,B
342,Molly,Byng,Female,9,10,9,5,6,,D
343,Cynthie,Sheivels,Non-binary,12,9,8,7,8,,A
344,Lindsay,Spurier,Genderfluid,11,9,9,6,8,,C
345,Sal,McGilmartin,Bigender,9,8,9,6,6,,D
346,Ervin,Silverman,Non-binary,10,11,8,7,5,,C
347,Kingston,Crosser,Non-binary,9,10,9,6,9,,B
348,Joy,Luton,Female,10,10,8,5,8,,B
349,Celina,Gooley,Genderqueer,12,11,7,6,9,,B
350,Trixy,Trowell,Genderqueer,8,9,9,7,7,,C
351,Ikey,Thyng,Female,9,10,7,5,7,,C
352,Nola,Vinecombe,Genderfluid,8,10,7,5,9,,C
353,Charlean,Crilley,Bigender,11,10,8,6,7,,D
354,Raeann,Hordell,Genderqueer,12,9,7,6,7,,E
355,Pascal,Moreland,Agender,8,9,9,7,9,,D
356,Uriel,Davidove,Male,12,9,7,6,7,,B
357,Ferrell,Longcaster,Genderfluid,10,8,8,5,6,,E
358,Kerrie,Triplett,Agender,8,8,7,7,8,,A
359,Marla,Spykins,Genderfluid,11,9,7,7,7,,C
360,Rebeka,Picker,Bigender,8,9,7,5,5,,D
361,Erroll,Buncher,Male,9,9,7,7,6,,E
362,Parke,Thurlby,Genderqueer,11,8,8,6,9,,D
363,Layla,Swales,Male,11,9,7,6,7,,E
364,Daile,Berzin,Non-binary,10,8,7,6,6,,D
365,Rosy,Waugh,Genderfluid,12,8,9,6,9,,C
366,Kellia,Asman,Genderfluid,12,11,8,6,9,,B
367,Kaia,Richly,Agender,8,9,8,6,5,,C
368,Anny,Blackstock,Non-binary,8,10,9,6,6,,B
369,Wilfrid,Weatherdon,Genderqueer,10,9,9,7,7,,A
370,Mildred,Meakes,Agender,10,10,9,5,8,,C
371,Dominick,Zapatero,Genderfluid,8,9,9,6,5,,A
372,August,Choulerton,Genderfluid,12,8,9,7,9,,B
373,Bobbee,McGrotty,Bigender,8,9,9,6,7,,D
374,Bill,Botterell,Non-binary,11,9,8,6,8,,B
375,Hobie,Magarrell,Non-binary,12,9,7,5,9,,D
376,Edan,Chantrell,Genderqueer,11,9,7,7,5,,B
377,Kristen,Ferrone,Bigender,10,9,7,5,8,,B
378,Lebbie,Congram,Genderfluid,9,8,9,5,5,,D
379,Angelo,Levitt,Female,12,9,8,5,7,,E
380,Sayre,Seary,Genderqueer,12,9,8,7,6,,A
381,Brew,Parham,Male,9,8,9,5,7,,B
382,Kasper,Jost,Female,10,8,7,7,5,,D
383,Phedra,Varian,Genderfluid,8,8,7,6,5,,B
384,Mason,Gennrich,Female,8,8,7,6,9,,B
385,Candida,Willmott,Male,10,8,7,5,7,,A
386,Birk,Siddle,Male,12,8,7,7,8,,B
387,Constance,Plane,Male,12,11,8,7,7,,D
388,Pegeen,Bawdon,Female,10,10,8,7,9,,C
389,Briano,Dampney,Non-binary,9,8,7,5,9,,D
390,Blane,Plunkett,Bigender,9,10,7,6,6,,C
391,Tracee,Tuxwell,Bigender,12,8,7,7,9,,D
392,Elga,Lydiard,Polygender,9,8,7,6,8,,C
393,Paulina,Sirey,Female,8,11,9,7,9,,C
394,Peirce,Bricknell,Non-binary,9,11,7,6,5,,A
395,Wilmar,Purselowe,Non-binary,11,8,9,5,8,,C
396,Oralia,Sacker,Bigender,10,9,9,7,5,,A
397,Allard,Abramzon,Agender,10,8,8,5,9,,B
398,Molli,Lancaster,Bigender,11,9,8,7,6,,B
399,Harlan,Fortin,Bigender,12,10,9,5,7,,C
400,Jessamine,Ricket,Non-binary,8,8,8,5,9,,E
401,Gerrard,Ditchfield,Male,12,9,9,7,8,,C
402,Burty,Hastler,Bigender,12,8,7,7,6,,D
403,Catlee,Standfield,Agender,8,8,9,6,5,,C
404,Hanni,Wooding,Genderfluid,12,8,8,6,9,,D
405,Saw,Baldree,Agender,12,8,8,7,5,,E
406,Caroljean,Latimer,Female,12,8,8,5,8,,B
407,Wyn,McAlroy,Non-binary,8,9,9,6,7,,D
408,Ermina,Cherm,Agender,8,11,7,6,9,,E
409,Hinze,Beaconsall,Genderfluid,9,9,7,6,6,,C
410,Bill,Stittle,Non-binary,12,11,9,7,9,,B
411,Leon,Dedham,Agender,9,9,8,6,7,,D
412,Poppy,McCrory,Polygender,12,9,8,5,7,,D
413,Maynord,Hildred,Non-binary,9,9,8,5,8,,E
414,Chandal,Minker,Polygender,9,10,7,6,5,,C
415,Devinne,Grassi,Male,8,8,8,7,5,,A
416,Carrol,Smeuin,Non-binary,9,8,9,5,6,,E
417,Ermanno,Chicco,Female,9,11,7,6,6,,C
418,Reinold,Scopes,Female,10,10,7,5,6,,A
419,Benni,Scarre,Male,8,9,7,7,9,,B
420,Chelsy,Vardie,Bigender,9,11,7,7,8,,E
421,Winn,Edel,Agender,11,11,7,6,7,,C
422,Maurie,Walthew,Non-binary,12,8,9,6,8,,C
423,Jilli,Grinyov,Female,9,11,8,7,7,,C
424,Rachael,Perrelle,Genderqueer,10,8,8,7,7,,D
425,Elva,Olczak,Male,9,11,9,5,7,,D
426,Raymond,Abernethy,Non-binary,8,8,8,7,7,,A
427,Darcee,Gossipin,Female,11,10,8,6,8,,D
428,Virge,Feacham,Bigender,8,8,8,5,7,,B
429,Syman,Fonzo,Agender,8,11,7,5,6,,A
430,Paule,McAtamney,Genderfluid,9,11,7,7,9,,A
431,Sascha,Gianullo,Male,9,9,8,5,9,,E
432,Tanney,Lipsett,Male,11,8,8,7,5,,E
433,Cecil,Battabee,Genderfluid,11,10,7,6,6,,A
434,Gretel,Knoles,Polygender,9,11,8,5,8,,C
435,Gearard,Humbles,Genderfluid,12,8,8,6,9,,B
436,Tonie,Farnsworth,Agender,12,9,9,5,6,,D
437,Norrie,Strewthers,Genderfluid,12,8,8,6,8,,D
438,Minnie,Brydone,Bigender,8,8,8,5,7,,C
439,Andrea,Jammet,Female,11,8,7,7,8,,A
440,Sena,Josum,Bigender,10,9,9,5,6,,B
441,Ettore,Sumnall,Non-binary,12,9,9,5,5,,C
442,Celinda,Warham,Non-binary,8,10,9,5,6,,D
443,Jessa,Jeffery,Male,9,10,7,5,8,,A
444,Theresa,Barhem,Genderqueer,9,10,9,7,6,,E
445,Rebekah,Drennan,Non-binary,10,10,9,6,7,,E
446,Sutherlan,Simka,Polygender,8,9,9,7,9,,D
447,Anjela,Wankling,Non-binary,9,9,8,5,5,,D
448,Alene,Wressell,Female,11,10,9,7,7,,B
449,Alphonso,Cridge,Male,9,8,7,5,8,,E
450,Bondy,Gallemore,Genderfluid,9,11,9,5,5,,C
451,Kassey,Nornasell,Agender,10,10,8,7,7,,C
452,Nerty,Koppen,Polygender,9,11,7,7,8,,E
453,Kaspar,Lamminam,Bigender,8,9,8,6,6,,B
454,Almeda,Salamon,Genderfluid,10,11,7,7,7,,A
455,Danette,Morehall,Male,9,9,9,7,8,,C
456,Mikey,Bartozzi,Male,12,9,9,6,9,,A
457,Bethanne,Gwinnett,Bigender,10,11,9,5,5,,C
458,Farrand,McComish,Genderqueer,10,10,9,6,9,,D
459,Korrie,Weatherall,Male,11,8,8,7,7,,D
460,Regine,Ege,Female,11,10,7,5,6,,C
461,Randell,Jaukovic,Agender,10,11,7,6,5,,B
462,Clarita,Saker,Genderfluid,10,11,8,5,9,,A
463,Drucy,Couchman,Genderqueer,9,9,7,5,5,,A
464,Giraud,Greneham,Polygender,12,11,9,7,5,,C
465,Mattias,Venton,Female,10,8,7,6,7,,E
466,Joella,Kinch,Male,11,9,7,5,8,,B
467,Petr,Kirtlan,Female,11,11,7,5,6,,A
468,Wyatan,Attlee,Agender,8,11,8,6,6,,A
469,Britt,Edginton,Bigender,9,9,8,7,5,,D
470,Keven,Titcombe,Agender,10,8,8,7,5,,A
471,Mayer,Dombrell,Female,11,10,7,6,9,,C
472,Ignacius,Wenderoth,Genderqueer,9,8,8,6,6,,B
473,Noble,MacArthur,Bigender,10,9,9,6,7,,A
474,Amitie,Eccott,Polygender,10,11,8,5,8,,C
475,Kathryne,Jiracek,Genderqueer,12,10,9,7,5,,D
476,Kikelia,Eton,Agender,12,10,7,7,7,,A
477,Aube,Axworthy,Female,8,11,7,7,9,,A
478,Honor,Getley,Male,8,9,9,7,8,,E
479,Spike,Maestrini,Female,9,9,8,7,6,,B
480,Caitlin,Selvester,Non-binary,8,11,7,5,5,,E
481,Hermann,Grafton,Polygender,12,9,8,5,8,,E
482,Shani,Van Niekerk,Male,11,10,8,7,8,,E
483,Merry,Danilin,Non-binary,9,10,7,5,9,,E
484,Lesli,Metts,Agender,8,11,8,5,6,,C
485,Veronique,Haberfield,Bigender,9,11,8,5,9,,D
486,Mark,Cescoti,Female,8,8,9,6,7,,D
487,Jessalyn,Kernar,Genderqueer,11,11,9,6,9,,B
488,Jephthah,Ryves,Female,8,8,7,6,5,,E
489,Ferguson,Deme,Agender,10,10,8,6,7,,B
490,Myca,Wardrope,Agender,12,8,8,6,5,,C
491,Isabelita,Lawley,Bigender,11,11,8,6,7,,A
492,Nat,Marchington,Male,12,10,8,6,7,,B
493,Jeannie,Wraggs,Polygender,10,8,8,6,8,,A
494,Mickie,Fitzharris,Polygender,9,8,9,7,9,,D
495,Mathe,Parrin,Female,11,11,7,7,9,,C
496,Samantha,Streetfield,Genderqueer,9,10,7,7,9,,E
497,Tammi,Knolles-Green,Genderqueer,9,10,9,7,9,,C
498,Abbie,Courtes,Female,10,11,9,6,7,,C
499,Brittney,Samart,Polygender,10,8,9,5,7,,A
500,Allianora,Fosbraey,Male,12,8,9,5,8,,C
501,Elaina,Farlham,Genderfluid,10,10,9,6,5,,A
502,Bowie,Tomasutti,Polygender,11,10,7,7,7,,C
503,Seymour,Gambie,Bigender,8,8,7,5,8,,A
504,Darcey,Colnett,Agender,8,9,7,7,6,,E
505,Cheston,Gelletly,Bigender,11,10,9,5,8,,A
506,Hazel,Tessyman,Genderfluid,8,8,8,7,5,,E
507,Jdavie,Clack,Genderfluid,12,11,8,7,5,,A
508,Aida,Heffernan,Non-binary,10,9,8,5,9,,C
509,Karilynn,Lenard,Male,9,9,7,5,7,,D
510,Odelle,Biasotti,Polygender,8,9,7,6,5,,D
511,Dexter,Follis,Bigender,8,9,9,6,8,,C
512,Donelle,Louthe,Non-binary,11,11,9,6,7,,E
513,Cornelius,Mosson,Bigender,11,10,9,6,8,,D
514,Bernardo,Darwent,Polygender,12,8,9,7,7,,C
515,Vincent,Rickets,Genderqueer,12,10,8,7,5,,C
516,Wiley,Scryne,Polygender,9,10,8,6,6,,B
517,Gerladina,Aish,Bigender,9,10,9,6,7,,A
518,Stacey,Cathrae,Non-binary,10,10,9,6,5,,E
519,Linn,Atte-Stone,Agender,8,11,9,6,9,,E
520,Gideon,Cobbing,Agender,11,10,8,5,5,,E
521,Sephira,Rudiger,Female,12,9,8,5,5,,E
522,Fredericka,Kobiera,Male,9,10,8,7,7,,D
523,Virgie,Metzing,Male,11,9,9,7,9,,E
524,Karlis,Andreev,Bigender,12,10,9,5,5,,C
525,Opaline,Pougher,Female,10,11,9,5,7,,E
526,Kippy,Burnyate,Genderqueer,9,10,8,6,5,,C
527,Cecilio,Plumstead,Male,11,10,8,7,5,,B
528,Katerine,Petford,Genderfluid,8,9,7,6,9,,A
529,Libby,Welberry,Male,12,9,9,7,6,,B
530,Cordell,Gumary,Genderfluid,10,10,8,5,6,,E
531,Beverlie,Bergin,Polygender,12,10,7,6,5,,A
532,Zorah,Lohering,Bigender,11,11,7,5,6,,D
533,Patti,Tabrett,Genderqueer,11,11,9,7,7,,D
534,Caressa,Artiss,Genderqueer,11,9,7,5,7,,C
535,Sandy,Montes,Genderqueer,11,10,7,5,7,,D
536,Melina,Mc Pake,Genderqueer,10,9,9,6,7,,D
537,Lanie,Noyce,Agender,8,8,9,7,6,,D
538,Alfi,Parnall,Genderfluid,12,11,7,7,5,,B
539,Maurits,Bury,Male,8,11,8,5,5,,C
540,Lillian,Aleshkov,Female,11,11,8,7,6,,E
541,Kelcie,Davey,Genderfluid,10,11,9,6,9,,B
542,Marget,Sones,Male,8,10,8,6,9,,E
543,Torre,Oolahan,Genderqueer,8,10,8,6,7,,D
544,Nathalia,Rudeyeard,Genderfluid,10,8,8,5,6,,B
545,Joseph,Fourman,Male,9,10,8,6,7,,B
546,Chiquita,Sinkings,Agender,8,9,9,6,6,,E
547,Nessie,Billingsly,Male,10,8,7,6,5,,D
548,Catina,Richards,Genderqueer,11,11,9,5,8,,A
549,Petronille,Laval,Non-binary,12,10,7,7,6,,D
550,Gard,Mansel,Agender,8,8,7,6,9,,D
551,Hillery,Perillio,Genderfluid,11,8,7,6,7,,E
552,Geoffry,Shearwood,Bigender,8,8,7,6,5,,E
553,Madelle,Ranyelld,Bigender,10,9,8,6,5,,C
554,Eberto,Hugk,Genderqueer,10,10,9,5,7,,A
555,Uri,Warlton,Bigender,11,8,7,6,8,,A
556,Lauren,Tapton,Female,8,10,8,6,5,,A
557,Brian,Eby,Genderfluid,12,9,8,7,9,,B
558,Edna,Roadknight,Genderfluid,10,10,7,7,7,,D
559,Hettie,Torbet,Female,9,9,7,7,8,,A
560,Aviva,Cant,Genderfluid,10,11,9,6,6,,E
561,Kevon,Hourican,Bigender,10,10,7,7,6,,B
562,Mureil,Charman,Agender,8,8,7,6,7,,B
563,Fabe,Gritten,Polygender,12,9,9,6,8,,D
564,Virgilio,Harkus,Female,8,9,8,7,6,,B
565,Rustin,Cookley,Female,11,11,8,7,7,,B
566,Page,Le Prevost,Genderqueer,8,8,8,6,6,,E
567,Clara,Patis,Non-binary,8,11,9,6,5,,B
568,Shepherd,Stallard,Genderqueer,11,9,7,6,8,,B
569,Crichton,Raeside,Genderfluid,11,10,7,5,6,,C
570,Rayna,Cunniam,Agender,9,10,7,6,8,,C
571,Isaiah,Mankor,Female,8,10,8,7,9,,E
572,Ulysses,Elstow,Agender,11,9,9,5,5,,E
573,Jami,Tattershall,Male,8,11,8,7,6,,A
574,Mycah,Molines,Genderqueer,8,11,8,6,9,,E
575,Rene,Proback,Polygender,10,9,8,7,5,,E
576,Berte,Sabatier,Male,11,9,9,7,9,,D
577,Issy,Tidey,Bigender,8,11,9,5,9,,A
578,Agatha,Rajchert,Male,8,11,8,5,8,,A
579,Hallie,Geraldez,Genderfluid,9,8,9,5,8,,B
580,Corry,Zanutti,Female,9,10,7,5,9,,D
581,Gilles,Tregunna,Bigender,11,10,7,6,5,,A
582,Anne-marie,Downie,Non-binary,9,10,9,6,9,,E
583,Jamesy,Morecomb,Female,8,11,9,7,9,,D
584,Johanna,Tomaszek,Bigender,10,11,7,5,6,,C
585,Doralynn,McSperrin,Male,8,11,8,6,8,,E
586,Rubina,Smail,Polygender,9,8,7,7,5,,A
587,Amy,Davidov,Genderqueer,8,11,8,5,7,,E
588,Micheal,Stellman,Bigender,11,11,7,6,6,,B
589,Gunar,Colleer,Genderqueer,10,10,7,7,7,,D
590,Shea,McGurk,Non-binary,8,11,9,5,7,,C
591,Dorelia,Milley,Agender,9,10,9,6,6,,E
592,Dirk,Hallaways,Polygender,12,9,7,5,8,,D
593,Licha,Blackney,Genderfluid,11,10,8,7,9,,B
594,Shari,O'Grady,Bigender,12,11,8,5,7,,A
595,Yancey,Test,Polygender,12,10,9,7,6,,A
596,Margarethe,Attenburrow,Polygender,10,8,7,6,5,,E
597,Drugi,Froschauer,Bigender,10,11,8,7,6,,A
598,Albert,Stockell,Non-binary,9,10,8,7,6,,D
599,Angel,Barfitt,Non-binary,9,11,9,5,9,,B
600,Yancey,O'Sirin,Genderqueer,9,11,7,6,7,,A
601,Doloritas,Scoular,Agender,8,10,9,6,7,,C
602,Orazio,Shaxby,Genderfluid,10,10,9,7,9,,D
603,Rosa,Poluzzi,Polygender,12,10,7,6,8,,B
604,Yolande,Brezlaw,Genderfluid,9,10,9,5,8,,D
605,Isa,Bousfield,Non-binary,9,8,7,7,9,,D
606,Lance,Dowdell,Non-binary,9,8,9,5,7,,D
607,Myrle,McAuslene,Agender,9,9,8,7,7,,A
608,Raffaello,Carpmile,Female,12,10,9,6,9,,D
609,Salvidor,Pesik,Female,9,9,7,5,7,,A
610,Casie,Sprason,Non-binary,12,11,8,6,6,,B
611,Thacher,de Copeman,Genderqueer,11,10,9,6,9,,B
612,Flem,Tedder,Polygender,11,11,7,6,8,,C
613,Dorie,Barnson,Polygender,9,9,9,6,9,,E
614,Doretta,Bill,Genderqueer,9,11,9,5,9,,B
615,Kristoforo,Whitechurch,Genderfluid,8,9,9,7,8,,D
616,Sibeal,Bretelle,Polygender,9,8,9,6,8,,A
617,Gabriellia,Wilcockes,Non-binary,9,8,7,5,6,,C
618,Christiana,Glasgow,Non-binary,10,11,9,7,6,,D
619,Ralina,Priddey,Genderfluid,10,9,9,6,6,,E
620,Alfy,Floyed,Agender,9,9,9,7,6,,C
621,Dorothy,Bruntjen,Bigender,12,11,7,5,7,,C
622,Kristian,Groom,Polygender,12,8,7,6,5,,B
623,Ardene,Sichardt,Non-binary,12,8,9,7,9,,C
624,Jen,Duesbury,Female,10,11,9,7,5,,C
625,Rollin,Lambot,Non-binary,8,8,9,7,8,,B
626,Suzy,Szymanzyk,Agender,8,8,7,6,6,,C
627,Phil,Cockland,Male,11,9,8,5,6,,B
628,Lynn,Presdie,Genderqueer,11,11,9,7,5,,E
629,Farrand,Manuello,Bigender,9,11,8,5,8,,C
630,Abbye,Grenkov,Agender,12,11,7,7,9,,D
631,Saxe,Simeons,Female,10,9,8,6,8,,E
632,Faina,Pancoast,Agender,8,9,9,5,6,,C
633,Renaldo,McKag,Genderqueer,10,11,9,7,6,,A
634,Davidde,Slyde,Non-binary,9,11,8,5,8,,A
635,Denis,Fontenot,Polygender,11,8,7,5,6,,A
636,Cornelia,Matyja,Non-binary,12,9,9,5,7,,D
637,Gaspar,Thursfield,Male,11,8,7,5,7,,E
638,Godfry,Tuxsell,Genderfluid,8,8,7,6,8,,B
639,Coralie,Titmarsh,Male,8,8,8,5,9,,B
640,Mitchell,Van Der Walt,Bigender,9,11,7,5,8,,D
641,Suzann,Falconar,Female,10,10,8,5,6,,E
642,Dietrich,Renahan,Agender,10,10,9,6,8,,C
643,Nell,Dixey,Agender,12,11,7,7,8,,C
644,Drona,Shawcroft,Non-binary,11,9,8,5,8,,B
645,Faun,Laviste,Polygender,12,9,9,6,7,,B
646,Wandis,MacComiskey,Genderqueer,12,10,7,5,7,,E
647,Nertie,Essex,Agender,10,9,8,6,5,,B
648,Tammie,Krysztofowicz,Genderfluid,12,8,7,7,5,,A
649,Ryan,Bruffell,Polygender,8,9,7,5,6,,A
650,Brose,Vassall,Non-binary,11,11,8,5,8,,B
651,Gabriel,McReedy,Polygender,11,9,7,7,8,,A
652,Angel,Alvarez,Non-binary,12,11,8,7,5,,E
653,Seamus,Krzysztofiak,Non-binary,12,9,9,6,5,,A
654,Riane,Sellors,Agender,9,10,7,5,9,,D
655,Lainey,MacRierie,Female,11,11,7,6,9,,C
656,Jade,McCathie,Non-binary,11,9,7,5,9,,E
657,Kale,Pautot,Polygender,9,10,7,5,7,,D
658,Patin,Alfwy,Genderfluid,8,8,7,7,6,,D
659,Berni,Flori,Female,10,11,9,6,9,,E
660,Jacquelin,Parriss,Agender,12,9,8,7,7,,C
661,Sydney,Clurow,Male,10,8,7,5,5,,D
662,Angelle,Silversmid,Non-binary,10,11,8,6,6,,D
663,Rhodia,McBrearty,Genderqueer,10,8,9,5,8,,C
664,Marilee,Potteridge,Genderfluid,11,8,8,7,5,,D
665,Michael,Verdy,Male,10,10,9,6,6,,A
666,Brennan,Vogelein,Non-binary,10,10,7,6,7,,D
667,Fallon,Dallander,Non-binary,12,8,8,7,5,,C
668,Daisie,Trusslove,Bigender,9,8,9,5,9,,A
669,Doretta,Cornock,Genderqueer,9,9,9,7,6,,A
670,Jefferson,Philipp,Agender,10,9,7,5,5,,C
671,Herculie,Dagnan,Genderfluid,11,11,8,5,5,,A
672,Nealy,Exer,Genderqueer,12,11,9,7,9,,A
673,Darci,Barratt,Polygender,12,10,9,6,9,,A
674,Dyan,Guilloux,Genderfluid,10,10,7,7,6,,C
675,Gustavus,Donohue,Agender,10,10,8,5,5,,B
676,Danella,Pendle,Agender,11,10,9,6,9,,A
677,Drusie,Village,Agender,8,11,9,6,8,,B
678,Earl,Gavaran,Genderfluid,12,10,7,5,8,,A
679,Roshelle,Coughlan,Genderqueer,10,8,9,7,5,,D
680,Woody,Dolphin,Polygender,9,8,8,6,9,,A
681,Leland,Humerstone,Female,8,10,9,7,5,,B
682,Mela,MacGillavery,Genderqueer,8,9,9,5,7,,C
683,Adolph,Penbarthy,Agender,12,10,8,6,9,,B
684,Melisandra,Valsler,Genderqueer,9,11,9,7,7,,A
685,Aurore,Vink,Bigender,12,8,7,6,6,,B
686,Willi,De Lorenzo,Female,9,11,9,7,8,,C
687,Jenine,Lebbern,Female,10,10,7,5,8,,A
688,Byrom,Rowen,Non-binary,9,11,8,7,6,,E
689,Corinna,Gallico,Genderqueer,8,11,9,5,7,,E
690,Thorstein,Bonass,Agender,12,9,9,6,6,,B
691,Devonna,Kirdsch,Agender,9,9,8,5,5,,E
692,Dita,MacIntosh,Agender,9,10,9,7,7,,E
693,Odella,Gandrich,Genderqueer,10,8,8,7,8,,B
694,Heindrick,Rennick,Polygender,9,11,9,6,5,,C
695,Morley,Abelov,Bigender,11,10,7,5,5,,E
696,Verge,Dennidge,Polygender,12,9,7,7,7,,C
697,Gregorio,Grushin,Agender,12,8,9,5,5,,C
698,Shermie,Albert,Genderfluid,10,9,8,5,6,,D
699,Reggy,Bow,Genderfluid,11,8,7,6,8,,C
700,Lauren,Weatherburn,Bigender,11,8,7,5,8,,D
701,Florentia,Hinchshaw,Non-binary,8,8,9,6,6,,D
702,Cammi,Schrinel,Bigender,9,11,8,6,8,,D
703,Amanda,Charke,Bigender,8,9,9,5,7,,A
704,Archer,Jury,Female,12,11,7,5,7,,A
705,Thurstan,Menure,Bigender,8,10,8,7,5,,D
706,Lorrie,Robrow,Polygender,11,8,8,7,6,,E
707,Dotti,Maso,Genderqueer,11,8,7,6,8,,D
708,Lawton,Drake,Bigender,12,10,9,7,8,,D
709,Hewitt,Di Pietro,Male,9,10,7,7,8,,E
710,Vincents,Bonnyson,Agender,12,10,7,6,8,,D
711,Bill,Brockbank,Bigender,8,11,8,6,8,,E
712,Abagail,Bapty,Female,10,10,8,5,9,,D
713,Chip,Geaves,Polygender,9,9,7,5,6,,D
714,Filia,Labdon,Genderfluid,9,9,8,6,5,,C
715,Cly,La Grange,Female,11,10,9,7,8,,A
716,Gaylene,Gibbin,Male,11,10,9,6,5,,C
717,Cullin,Whordley,Male,10,9,8,7,9,,C
718,Raul,Crabb,Genderqueer,11,11,7,6,9,,A
719,Alverta,Kestian,Agender,10,10,7,6,5,,A
720,Ciel,Dmytryk,Genderfluid,10,9,9,6,8,,B
721,Stephen,Ace,Agender,8,11,9,5,7,,C
722,Verene,Dadge,Genderqueer,11,11,7,7,8,,C
723,Jard,Kerton,Polygender,8,10,9,7,5,,A
724,Rois,Mitchel,Genderqueer,10,11,7,6,9,,E
725,Cordey,Airdrie,Bigender,10,10,7,6,5,,B
726,Gay,Checchetelli,Bigender,10,9,9,6,7,,D
727,Fawne,Benford,Polygender,12,10,8,6,7,,B
728,Lisette,O'Bradane,Non-binary,11,11,7,6,6,,E
729,Truda,Tolle,Genderfluid,8,8,8,5,6,,D
730,Karine,Mate,Genderfluid,11,11,9,5,9,,B
731,Adelind,Clarkin,Male,11,9,8,5,6,,A
732,Terrel,Beevis,Polygender,8,8,7,6,5,,C
733,Tabbitha,Splain,Bigender,9,9,9,7,8,,C
734,Umeko,Boorne,Bigender,12,11,7,6,9,,A
735,Wilden,Cuddehy,Male,11,11,8,5,7,,D
736,Aime,Harron,Bigender,11,9,9,6,6,,D
737,Sherman,Workes,Genderqueer,9,8,9,7,9,,A
738,Marietta,Fold,Polygender,10,10,8,5,6,,C
739,Broddie,Mertsching,Genderqueer,10,11,8,6,7,,E
740,Arte,Ropert,Female,8,8,9,6,5,,B
741,Raddy,Weatherby,Non-binary,10,10,9,6,7,,C
742,Robinia,Breagan,Bigender,12,8,7,7,5,,C
743,Conny,Harborow,Female,11,11,7,6,7,,D
744,Pearline,Pashler,Bigender,9,11,7,5,7,,D
745,Cthrine,MacConnechie,Male,12,11,7,7,9,,E
746,Michel,Ovett,Non-binary,8,10,8,5,7,,B
747,Julie,Cluley,Polygender,12,8,9,6,6,,B
748,Chrisse,Dumbare,Bigender,11,8,8,5,9,,E
749,Lind,Paish,Non-binary,9,10,7,7,5,,C
750,Gray,Ramey,Bigender,8,11,7,6,7,,C
751,Chancey,Painswick,Genderqueer,11,11,7,7,8,,E
752,Mahmud,Nowakowski,Non-binary,10,11,8,6,5,,C
753,Maryl,Quilliam,Genderfluid,9,10,9,5,7,,C
754,Fifi,Huggin,Genderqueer,12,11,8,6,8,,B
755,Brear,Theobald,Male,8,10,7,6,6,,E
756,Dorelia,Buntain,Female,10,10,9,6,5,,B
757,Terri,Pithcock,Non-binary,12,10,8,7,8,,A
758,Clifford,Sudddard,Female,9,9,8,7,9,,B
759,Jeniece,Maasz,Genderqueer,9,8,9,6,6,,A
760,Nicholas,Borland,Non-binary,12,10,8,5,5,,B
761,Finlay,Betonia,Agender,9,10,9,5,5,,E
762,Odella,Fluck,Genderqueer,8,9,9,7,9,,D
763,Roby,Baysting,Male,12,10,9,7,6,,A
764,Row,Brundrett,Non-binary,9,8,8,7,9,,D
765,Nalani,McCarrick,Agender,9,10,8,6,7,,E
766,Chad,Macvey,Non-binary,10,8,7,5,8,,B
767,Leeanne,Guess,Male,9,11,9,7,6,,C
768,Aldus,Rudolfer,Genderfluid,10,9,8,6,5,,A
769,Orelee,Gley,Bigender,10,8,9,6,9,,D
770,Lory,Galland,Polygender,11,11,7,5,8,,E
771,Bibbye,Karpfen,Male,12,10,9,6,7,,B
772,Tabina,Aslott,Bigender,9,9,9,5,9,,B
773,Nickie,Hallock,Polygender,12,9,9,6,7,,C
774,Michaeline,Marieton,Male,9,8,9,5,6,,B
775,Christian,MacGill,Genderfluid,12,10,9,6,7,,C
776,Patton,Lantry,Female,9,10,9,7,5,,B
777,Nataline,Gaughan,Polygender,9,8,8,6,6,,D
778,Emmalynn,Magee,Genderfluid,12,8,7,5,8,,D
779,Gwenny,Matic,Male,8,11,9,6,6,,D
780,Wilmer,Van Der Weedenburg,Genderfluid,12,8,8,5,8,,D
781,Ray,Hadrill,Genderqueer,10,10,9,6,5,,C
782,Hurley,Gullane,Genderqueer,10,11,7,7,8,,A
783,Gabriellia,Strathman,Female,10,9,7,6,6,,B
784,Abbot,Stickells,Genderfluid,12,9,9,7,6,,E
785,Catherine,Trahmel,Agender,11,9,9,7,7,,C
786,Bell,Janauschek,Agender,12,10,8,5,9,,E
787,Binky,Petyankin,Polygender,12,11,8,5,8,,D
788,Selie,Toke,Genderfluid,9,11,9,7,6,,E
789,Sue,Cannavan,Male,9,10,9,6,6,,A
790,Vivianna,Laurencot,Genderfluid,10,10,8,7,8,,D
791,Huntlee,Penner,Agender,8,11,9,6,9,,C
792,Thomasine,Marquand,Female,8,11,7,7,8,,D
793,Demetris,Briton,Polygender,12,9,8,5,6,,E
794,Lorrie,Rathke,Genderqueer,11,9,9,5,7,,D
795,Hertha,Piers,Male,10,8,9,7,8,,B
796,Maressa,Rubinowitz,Agender,11,8,8,6,8,,A
797,Shea,Frayling,Bigender,12,11,7,6,6,,E
798,Sue,Gonning,Genderfluid,9,8,9,7,5,,A
799,Angie,MacParlan,Bigender,10,11,8,6,8,,C
800,Dre,Leaning,Female,12,9,9,7,9,,B
801,Monique,Bartunek,Female,12,11,7,6,5,,C
802,Selby,Kell,Non-binary,11,11,9,5,6,,D
803,Courtney,Bennion,Genderfluid,8,9,8,7,9,,B
804,Clayborne,Howat,Polygender,10,10,9,5,8,,E
805,Torie,Hazzard,Non-binary,11,11,8,7,8,,C
806,Mervin,Garley,Genderqueer,8,9,9,7,9,,C
807,Marinna,Ruprich,Bigender,10,9,7,7,9,,A
808,Uta,Ianitti,Genderqueer,12,9,8,6,9,,D
809,Ruperta,Mc Ilory,Agender,9,8,8,7,9,,E
810,Conni,Bridge,Male,8,9,7,6,6,,D
811,Ikey,Kimbell,Agender,9,8,9,6,7,,C
812,Seka,Vokes,Female,8,9,7,5,9,,C
813,Caro,Geertz,Female,11,9,9,7,9,,A
814,Rodge,Swancott,Male,10,10,8,6,6,,E
815,Dorice,Joyson,Polygender,9,11,8,7,5,,C
816,Angele,Pettigrew,Genderqueer,11,11,8,6,7,,C
817,Korrie,Hounsom,Male,8,9,8,7,7,,D
818,Rooney,Ralston,Female,9,9,8,7,6,,A
819,Cash,Donisthorpe,Male,11,11,8,7,5,,E
820,Solomon,Laidler,Genderfluid,9,10,7,7,8,,C
821,Chiquita,Tomala,Male,9,10,7,7,7,,A
822,Jeff,Gravy,Male,8,11,9,5,6,,B
823,Pieter,Falks,Female,8,11,8,7,7,,E
824,Nike,Iaduccelli,Genderqueer,10,9,9,6,9,,E
825,Lanny,Rosas,Genderqueer,8,10,9,7,9,,B
826,Gayle,Giovannilli,Female,10,10,9,5,8,,D
827,Wilie,Wixey,Polygender,8,10,7,6,8,,C
828,Tam,Vaneev,Genderqueer,11,8,8,6,8,,A
829,Sholom,Peiser,Genderfluid,8,9,9,6,6,,D
830,Cullie,Georgiades,Non-binary,12,8,9,7,7,,E
831,Ariela,Dalmon,Bigender,12,10,7,7,8,,D
832,Kimmie,Mackilpatrick,Genderqueer,12,10,8,7,8,,D
833,Marjory,Anyene,Female,12,11,9,7,6,,D
834,Henrik,Glewe,Agender,9,10,8,5,8,,A
835,Giustino,Scranney,Female,12,11,7,6,6,,B
836,Ferrell,Bothen,Non-binary,9,10,7,5,9,,B
837,Mandel,Mattocks,Polygender,12,9,9,5,8,,D
838,Ibbie,Sickamore,Agender,10,9,7,5,5,,E
839,Nikolai,Grigorey,Non-binary,9,10,9,7,8,,A
840,Minny,Toner,Non-binary,12,9,7,7,5,,A
841,Kore,Zottoli,Genderfluid,10,8,7,6,7,,D
842,Katrina,Gallyhaock,Genderqueer,10,9,9,6,9,,B
843,Mattie,Scarasbrick,Non-binary,10,9,8,7,8,,D
844,Emalee,Leahey,Male,12,11,9,6,5,,B
845,Clarice,Gianilli,Genderqueer,11,9,9,5,7,,C
846,Kellen,Grinham,Agender,8,10,9,6,5,,E
847,Sallyanne,Andreutti,Agender,8,11,9,7,8,,B
848,Elke,Radke,Polygender,12,10,7,6,9,,D
849,Blythe,Milvarnie,Bigender,10,9,8,6,9,,A
850,Art,Cowmeadow,Genderqueer,8,9,8,5,9,,E
851,Casar,Humbatch,Bigender,12,10,8,7,9,,E
852,Alexander,Dodshon,Genderfluid,11,9,9,5,7,,D
853,Ailbert,Donwell,Male,9,8,9,6,6,,D
854,Rachael,Ridgers,Agender,9,9,8,5,7,,B
855,Charlean,Boarder,Non-binary,9,11,9,6,5,,D
856,Danny,Biagi,Agender,11,9,9,7,5,,D
857,Geordie,Raxworthy,Female,8,8,9,5,5,,A
858,Zarah,Foucher,Genderfluid,9,10,9,6,6,,B
859,Harbert,Cordova,Agender,11,11,8,7,8,,B
860,Aubrie,Fretwell,Genderfluid,8,11,8,7,6,,D
861,Katee,Laetham,Male,10,11,8,7,8,,A
862,Paloma,McGilbon,Non-binary,10,9,9,6,6,,D
863,Justino,Haggerty,Agender,8,8,8,5,5,,E
864,Emily,Giannazzo,Genderfluid,12,11,7,6,8,,A
865,Nowell,Froome,Polygender,12,10,9,5,8,,B
866,Dionysus,Waggett,Female,8,8,9,6,9,,E
867,Mavis,Grinikhinov,Agender,8,9,8,7,6,,B
868,Tabby,Yandell,Genderqueer,8,8,8,5,8,,A
869,Bent,McKelvey,Genderqueer,9,11,7,7,5,,B
870,Tremain,Featherstone,Female,12,8,8,5,8,,E
871,Brigitta,Greste,Genderfluid,8,9,9,7,5,,A
872,Ava,Sline,Male,11,8,7,6,8,,C
873,Cacilia,Baitson,Agender,11,10,8,7,7,,E
874,Gamaliel,Stemson,Non-binary,12,11,9,5,9,,C
875,Hartwell,McCarle,Agender,9,10,9,5,7,,C
876,Tony,Robson,Male,11,9,8,7,8,,D
877,Jayson,Adamiak,Male,12,10,7,6,6,,B
878,Alys,Cockram,Genderqueer,11,11,7,7,6,,E
879,Allsun,Ismay,Genderqueer,8,9,8,5,5,,C
880,Jard,Yakovl,Genderqueer,10,8,7,7,5,,B
881,Jennifer,Sibly,Polygender,8,10,8,5,8,,C
882,Stafani,Tollett,Female,9,10,9,6,5,,B
883,Genny,Nehls,Female,9,11,9,6,5,,E
884,Willi,Kirkham,Polygender,11,10,9,5,5,,E
885,Jerad,Circuit,Polygender,11,10,7,6,6,,C
886,Quintana,Conrard,Female,10,8,8,5,5,,B
887,Gottfried,Bruhke,Genderqueer,11,9,9,7,8,,A
888,Tabb,Godber,Genderqueer,8,9,8,6,5,,A
889,Britt,Bedward,Female,12,10,9,5,5,,D
890,Feodora,Jobbing,Polygender,8,11,9,6,7,,D
891,Meridith,Force,Polygender,8,10,7,5,8,,A
892,Audre,Kirsop,Genderfluid,12,10,7,6,7,,C
893,Skip,Hablet,Genderqueer,11,8,7,5,7,,C
894,Rurik,Ralphs,Polygender,8,9,9,6,8,,A
895,Juan,Targe,Agender,9,11,9,7,5,,D
896,Rhona,Halle,Non-binary,10,11,7,5,6,,B
897,Shena,Yare,Polygender,9,9,7,6,8,,E
898,Adrienne,O' Liddy,Agender,8,10,7,6,5,,E
899,Wynnie,Olivas,Bigender,11,9,7,7,5,,A
900,Koenraad,Turbat,Agender,9,9,9,6,5,,A
901,Pippy,Bert,Non-binary,12,11,7,6,8,,A
902,Erwin,Sancroft,Polygender,9,8,7,6,7,,B
903,Leelah,Sivil,Genderfluid,8,9,8,5,5,,A
904,Orran,Huston,Bigender,8,8,7,5,7,,C
905,Alexandr,Van der Spohr,Female,10,9,8,5,5,,B
906,Hartwell,Sey,Male,9,9,9,6,5,,B
907,Nester,Spensly,Male,9,11,8,7,7,,C
908,Jermaine,Nowakowski,Genderfluid,8,10,8,5,7,,D
909,Aluino,Lubbock,Non-binary,9,9,9,6,9,,A
910,Bertha,Greir,Bigender,8,11,8,6,9,,E
911,Katinka,Ward,Polygender,9,10,7,7,5,,A
912,Ben,Peye,Polygender,12,9,7,6,8,,C
913,Marylou,Peploe,Genderfluid,10,10,7,7,7,,B
914,Luella,Giacomi,Female,11,10,8,5,6,,D
915,Quinta,Buller,Male,8,11,7,5,6,,C
916,Deanne,Basini-Gazzi,Polygender,10,10,7,7,5,,C
917,Ab,Lindblom,Genderqueer,8,9,8,5,6,,A
918,Robinetta,Tirrey,Polygender,10,9,7,5,5,,E
919,Ailyn,Fossick,Agender,10,8,9,5,7,,A
920,Frazer,Pitt,Polygender,12,8,7,6,8,,B
921,Gaynor,Pallin,Non-binary,11,10,7,6,5,,D
922,Rica,Brotherwood,Polygender,12,9,8,7,6,,B
923,Ertha,Heber,Polygender,10,9,8,6,8,,B
924,Edwin,Grestie,Agender,11,11,7,5,8,,B
925,Izzy,Santacrole,Genderfluid,8,9,7,7,9,,A
926,Clarisse,Alam,Genderqueer,10,11,7,6,5,,E
927,Budd,Beckham,Female,8,8,8,5,7,,E
928,Lovell,Jennins,Bigender,9,8,7,5,7,,B
929,Welby,Kennford,Agender,9,11,8,7,7,,A
930,Malva,Johansson,Agender,12,10,9,6,9,,E
931,Danny,Assante,Female,10,10,7,6,6,,D
932,Delmore,Gilvear,Bigender,12,11,7,5,6,,C
933,Dani,Kenwyn,Bigender,11,8,8,6,9,,A
934,Jard,Alfonso,Female,8,9,8,7,8,,E
935,Starlene,Bette,Genderfluid,8,8,8,5,6,,C
936,Kevan,Emeny,Genderqueer,10,9,7,5,5,,B
937,Hyacinth,Revie,Genderfluid,11,11,8,7,8,,E
938,Cassandry,Cunrado,Bigender,8,9,8,6,7,,B
939,Ashlie,Gustus,Non-binary,11,8,8,5,6,,A
940,Morry,O'Hogertie,Female,12,8,8,5,5,,D
941,Nannie,Clell,Male,9,10,8,5,9,,A
942,Adrien,Lardier,Genderfluid,10,9,8,5,9,,C
943,Bradford,Artrick,Genderfluid,10,9,8,6,7,,B
944,Odilia,todor,Polygender,9,9,9,5,9,,B
945,Gauthier,Agerskow,Female,8,10,7,5,9,,B
946,Roseann,Goede,Male,11,8,7,6,8,,A
947,Hanny,Calcut,Agender,10,11,8,7,5,,C
948,Vincents,Odeson,Bigender,10,10,9,5,7,,E
949,Erv,Varvara,Genderqueer,8,11,8,5,9,,B
950,Cary,Pedycan,Female,9,9,7,6,5,,C
951,Joy,Olliver,Bigender,12,9,8,5,9,,A
952,Ivie,Sibbe,Agender,12,10,7,5,6,,C
953,Alf,Mellodey,Genderfluid,11,11,8,7,9,,B
954,Victoria,Yurov,Agender,10,8,8,7,8,,A
955,Aubert,Wrassell,Genderfluid,8,10,8,7,5,,D
956,Merle,Cosin,Non-binary,10,8,7,6,8,,B
957,Anselma,Daout,Genderfluid,11,10,7,7,9,,C
958,Nikoletta,Tratton,Female,10,8,7,5,9,,B
959,Lisbeth,Goter,Agender,8,10,7,6,6,,D
960,Aldin,Sherrington,Polygender,8,11,7,6,7,,C
961,Daisie,Quilligan,Agender,10,8,8,7,6,,A
962,Raul,Aries,Bigender,8,9,9,6,9,,E
963,Holly-anne,Losselyong,Genderfluid,9,10,9,5,9,,E
964,Rice,Geard,Genderqueer,9,9,7,7,8,,C
965,Fonz,Phinnessy,Bigender,11,9,7,6,9,,E
966,Arlette,Tetford,Non-binary,11,9,9,7,6,,C
967,Ryann,David,Female,8,11,7,5,7,,C
968,Reggis,Danielot,Polygender,9,10,8,6,7,,D
969,Reiko,Perello,Non-binary,9,11,7,6,9,,E
970,Michele,Harriskine,Polygender,11,11,8,6,6,,B
971,Denny,Bendix,Bigender,8,11,9,5,7,,C
972,Gardener,Stanbro,Non-binary,10,10,8,5,7,,C
973,Hedy,Codman,Bigender,9,11,7,5,5,,A
974,Addia,McKeurton,Male,11,10,8,7,8,,C
975,Anatollo,Kenny,Agender,12,10,7,7,6,,D
976,Eddie,Mosten,Polygender,8,10,7,6,6,,B
977,Tory,End,Non-binary,9,8,9,5,9,,E
978,Walker,Bicheno,Female,10,10,9,5,9,,B
979,Odilia,Cuttelar,Female,8,8,9,5,5,,A
980,Kessia,Simonin,Male,10,8,7,6,7,,C
981,Sarette,Jagoe,Genderqueer,12,9,9,6,9,,E
982,Nels,Murty,Male,10,11,9,7,5,,D
983,Shalne,Bayston,Non-binary,8,8,9,5,6,,C
984,Freeland,Mauchlen,Genderqueer,10,10,7,7,9,,C
985,Flossi,Shimoni,Female,8,11,8,7,5,,B
986,Aarika,Pavlasek,Non-binary,12,11,8,7,7,,D
987,Merwyn,Oda,Genderfluid,11,9,8,7,5,,B
988,Ellis,Killiner,Genderfluid,9,8,8,6,9,,C
989,Allx,Maud,Genderqueer,8,10,8,6,7,,A
990,Sigismondo,Gendricke,Polygender,10,10,7,5,8,,C
991,Hesther,Garnsey,Female,10,9,8,6,6,,E
992,Mitchel,Jonah,Genderfluid,11,10,9,6,5,,B
993,My,Steger,Bigender,11,10,9,7,9,,E
994,Rudiger,Borges,Genderfluid,9,9,7,5,6,,D
995,Valenka,Gigg,Male,10,11,9,7,8,,D
996,Barnard,Maha,Female,10,11,7,5,5,,A
997,Odessa,Catford,Agender,11,11,9,5,8,,A
998,Oliver,Kellett,Agender,12,10,7,7,7,,E
999,Lotty,Woodus,Female,8,10,8,6,5,,A
1000,Michal,MacAllister,Agender,12,10,9,6,6,,C
