nombre,genero,realizo_voto
Benjamin,M,false
Godfry,M,false
Chrissie,M,false
Nancee,F,true
Brocky,M,false
Ian,M,false
Nicholle,F,false
Marianne,F,true
Hamil,M,true
Jessee,M,true
Noland,M,false
Josey,F,true
Wilona,F,true
Sammie,M,false
Oswald,M,true
Gwyneth,F,true
Alexandre,M,true
Bethany,F,false
Troy,M,true
Odell,M,true
Maurie,M,true
Mano,M,true
Thaine,M,true
Randall,M,true
Shaine,M,true
Slade,M,true
Alena,F,false
Kirbee,F,true
Lock,M,true
Swen,M,false
Duncan,M,false
Preston,M,false
Yolane,F,true
Brock,M,false
Lilyan,F,false
Cary,M,true
Randa,F,false
Eartha,F,true
Jemmy,F,false
Wallache,M,false
Sheeree,F,true
Marnie,F,true
Nichole,F,true
Carce,M,false
Jemimah,F,false
Boniface,M,true
Paco,M,false
Garrick,M,true
Elfrieda,F,true
Abran,M,false
Garwood,M,false
Lyle,M,false
Nicole,F,false
Bart,M,false
Charyl,F,true
Vivi,F,false
Cyrillus,M,false
Paige,M,false
Shepperd,M,true
Vivienne,F,true
Emanuele,M,true
Mellisent,F,true
Angelo,M,false
Dani,M,false
Leandra,F,false
Nollie,M,false
Adams,M,true
Bernardine,F,false
Hieronymus,M,false
Roderick,M,false
Tymon,M,false
Garald,M,false
Ailey,F,false
Winne,F,false
Michele,F,true
Angie,M,true
Dal,M,true
Joeann,F,false
Sabine,F,false
Clarissa,F,true
Shelba,F,false
Wilmette,F,false
Ariana,F,false
Fredrika,F,false
Ginnifer,F,false
Moshe,M,true
Alex,F,false
Claybourne,M,false
Nanon,F,false
Judi,F,true
Geoff,M,false
Sibel,F,true
Cindra,F,true
Marv,M,false
Netta,F,false
Merle,M,true
Rainer,M,true
Opalina,F,true
Udell,M,false
Bran,M,true
Dalis,M,false
Otha,F,false
Ricky,M,false
Maximilian,M,false
Daisi,F,false
Stanfield,M,false
Lory,F,true
Elie,F,true
Tan,M,false
Rabi,M,true
Kalindi,F,false
Clyde,M,true
Toby,M,false
Adele,F,true
Turner,M,true
Benedikt,M,false
Gasper,M,false
Petronella,F,false
Genia,F,false
Arny,M,false
Sigismundo,M,false
Abey,M,true
Gerald,M,true
Gaye,F,false
Blisse,F,true
Burr,M,true
Rudiger,M,true
Dickie,M,true
Valera,F,false
Darby,M,true
Nevins,M,false
Elsworth,M,true
Barnebas,M,false
Kerri,F,false
Selie,F,true
Shep,M,false
Phillipe,M,true
Rosaline,F,false
Suzy,F,false
Job,M,true
Stearn,M,true
Susannah,F,true
Dacia,F,false
Hunt,M,false
Tabor,M,true
Berne,M,false
Alika,F,true
Melania,F,true
Baily,M,false
Gawen,M,false
Shandie,F,false
Wendall,M,true
Emmaline,F,true
Pearce,M,false
Abner,M,false
Hakim,M,false
Lois,F,true
Orelle,F,true
Roddie,M,false
Allyce,F,false
Irena,F,false
Harry,M,true
Hamid,M,true
Mufi,F,true
Miriam,F,false
Kele,M,true
Ronny,F,false
Clemens,M,true
Laney,M,true
Dorri,F,false
Heall,M,false
Sena,F,true
Eleen,F,false
Sansone,M,true
Artemas,M,false
Lin,M,false
Blondell,F,true
Carina,F,false
Dougie,M,false
Layla,F,true
Davie,M,false
Stearn,M,false
Germaine,F,false
Darlene,F,true
Shirley,F,false
Ali,F,true
Jayme,F,false
Merle,M,true
Meagan,F,false
Golda,F,true
Roze,F,false
Sallie,F,true
Ruddie,M,true
Natal,M,false
Tomlin,M,false
Jelene,F,true
Leland,M,false
Xenos,M,true
Penelope,F,true
Veronike,F,true
Carlie,F,false
Mead,F,false
Marchall,M,true
Kalli,F,false
Jason,M,true
Natty,M,true
Wittie,M,false
Augy,M,false
Merilyn,F,true
Obadias,M,true
Roderick,M,true
Sande,F,false
Cathie,F,true
Lawton,M,false
Myrlene,F,false
Hewie,M,true
Leisha,F,true
Padriac,M,true
Cherice,F,false
Amandie,F,true
Kerwinn,M,true
Melodie,F,false
Barny,M,true
Aubree,F,true
Kissie,F,true
Gearalt,M,false
Bartholomew,M,false
Dyane,F,true
Stesha,F,false
Darsie,F,true
Francyne,F,true
Livia,F,true
Giorgia,F,true
Armin,M,false
Viole,F,false
Lannie,M,true
Hunt,M,true
Lacee,F,false
Emmalynn,F,true
Ariel,M,true
Pall,M,true
Alvera,F,false
Genni,F,true
Marsha,F,false
Giulietta,F,true
Alysa,F,false
Willamina,F,true
Eric,M,true
Glenda,F,false
Obie,M,true
Roosevelt,M,false
Linn,F,true
Eula,F,false
Clementina,F,false
Cammy,F,false
Augustine,F,false
Lenka,F,true
Perice,M,false
Evan,M,true
Mattie,M,true
Carlye,F,false
Delano,M,true
Jacquette,F,false
Rurik,M,false
Paige,F,false
Maximilianus,M,true
Bambi,F,true
Spencer,M,false
Christiane,F,true
Bert,M,true
Ber,M,false
Dalton,M,true
Nolly,M,false
Rafi,M,true
Myles,M,true
Yolane,F,false
Lynda,F,false
Shantee,F,true
Zulema,F,true
Stearne,M,true
Arney,M,false
Jed,M,false
Amargo,F,true
Jeromy,M,false
Denny,M,false
Erna,F,false
Chester,M,true
Pauly,M,false
Quintus,M,true
Patsy,F,false
Haleigh,M,true
Amandi,F,false
Cam,M,false
Lewie,M,true
Kelsi,F,true
Bordie,M,true
Flinn,M,false
Seward,M,false
Tremaine,M,false
Maury,M,true
Broderic,M,true
Pollyanna,F,true
Del,M,true
Riannon,F,false
Lorrayne,F,true
Allyson,F,false
Rowland,M,false
Karon,F,true
Fraser,M,true
Vlad,M,false
Kameko,F,true
Arel,M,false
Lindie,F,true
Rubina,F,false
Sheila,F,false
Megan,F,true
Giffard,M,false
Brig,M,true
Hedda,F,false
Fiorenze,F,true
Rustie,M,true
Colver,M,true
Elita,F,true
Martyn,M,true
Allayne,M,false
Dorotea,F,true
Kary,F,true
Falito,M,false
Bastien,M,false
Boot,M,false
Kally,F,false
Karlik,M,true
Herbie,M,false
Hobard,M,false
Sutton,M,true
Audy,F,true
Crawford,M,true
Rosalynd,F,true
Ripley,M,true
Lizzy,F,false
Tobit,M,true
Karlens,M,true
Katleen,F,true
Buddie,M,false
Hewitt,M,false
Fidelio,M,false
Francklin,M,true
Gunter,M,false
Jayson,M,true
Nancee,F,false
Sinclair,M,true
Mal,M,false
Lynnet,F,false
Raquel,F,false
Rudolf,M,false
Joshua,M,true
Porter,M,true
Aaren,F,true
Martica,F,false
Gardner,M,true
Tiff,F,false
Bradly,M,false
Marlane,F,true
Saunders,M,true
Gerrilee,F,false
Isaiah,M,true
Roxie,F,true
Clarette,F,true
Sianna,F,true
Ethelred,M,true
Farrand,F,false
Batsheva,F,false
Olvan,M,false
Holly-anne,F,true
Lezley,M,false
Che,M,true
Rawley,M,true
Alfie,F,false
Paola,F,true
Courtnay,M,true
Andrei,F,false
Jemmie,F,false
Sterne,M,true
Taylor,M,false
Cheston,M,false
Oliy,F,false
Dulcea,F,true
Blayne,M,false
Theresina,F,false
Chaunce,M,false
Krista,F,true
Bern,M,false
Farlee,M,false
Pinchas,M,false
Aldus,M,true
Giustino,M,true
Hally,F,false
Kiele,F,true
Nadya,F,false
Joyce,F,true
Loutitia,F,true
Chrisse,M,true
Chere,F,true
Kenny,M,true
Carry,F,false
Dionis,F,true
Denna,F,true
Eleanore,F,true
Barty,M,true
Drucy,F,true
Mei,F,true
Amos,M,false
Galen,M,false
Shea,M,false
Alexine,F,true
Hew,M,false
Caitrin,F,true
Sharyl,F,true
Beret,F,true
Kermit,M,false
Fredric,M,true
Johann,M,true
Fernando,M,false
Jess,M,false
Jason,M,true
Sylvester,M,false
Collin,M,true
Freda,F,false
Donal,M,false
Pierson,M,false
Malorie,F,false
Hailey,M,true
Kaylyn,F,true
Hill,M,true
Stormy,F,true
Lydon,M,true
Gregg,M,false
Wilburt,M,true
Olin,M,false
Verina,F,false
Sheffy,M,true
Jodi,M,false
Dorisa,F,true
Robin,F,true
Sallyann,F,true
Arthur,M,false
Carlene,F,true
Curt,M,false
Blithe,F,true
Christophe,M,true
Hoebart,M,false
Che,M,false
Joly,F,false
Brigitte,F,false
Killie,M,false
Joyce,F,false
Miran,F,false
Marion,F,false
Fredi,F,false
Gweneth,F,true
Warden,M,false
Tracy,M,true
Ronald,M,false
Morgan,M,false
Christen,F,true
Clive,M,false
Nikita,M,false
Martie,F,true
Reeta,F,true
Jennine,F,false
Rog,M,false
Babbie,F,true
Traver,M,true
Brent,M,false
Harald,M,false
Kelcey,F,true
Hal,M,true
Thacher,M,false
Junina,F,true
Jania,F,false
Sandy,M,true
Siana,F,false
Doralynn,F,false
Diane,F,true
Isahella,F,true
Norman,M,false
Minnaminnie,F,true
Florenza,F,true
Bren,F,true
Bordie,M,true
Jedd,M,false
Ginnie,F,false
Valerie,F,false
Mikey,M,true
Charmine,F,false
Adele,F,false
Andie,F,false
Viviyan,F,false
Bliss,F,false
Rocky,M,true
Mikkel,M,true
Sarita,F,false
Olive,F,true
Branden,M,true
Bartolomeo,M,false
Arie,M,false
Matty,F,true
Trueman,M,false
Renaldo,M,true
Harley,M,true
Hedwig,F,false
Bayard,M,false
Ashlin,M,true
Symon,M,false
Sibbie,F,false
Carol,F,true
Tarrance,M,false
Shellie,F,false
Ilaire,M,true
Pepe,M,false
Germaine,M,false
Gillan,F,true
Nani,F,false
Lefty,M,false
Querida,F,true
Junette,F,false
Herve,M,false
Christa,F,false
Melissa,F,false
Lanita,F,false
Waylin,M,false
Sisile,F,true
Cahra,F,true
Domingo,M,false
Melody,F,true
Araldo,M,false
Beatrix,F,false
Randy,M,false
Aileen,F,true
Alf,M,true
Spike,M,false
Shirley,F,false
Lanita,F,true
Philipa,F,true
Phillip,M,false
Krishna,M,true
Dar,M,false
Annabell,F,false
Patience,F,false
Ninnette,F,true
Betsy,F,true
Ashlen,F,true
Raynard,M,false
Lela,F,true
Edwina,F,true
Editha,F,true
Valle,M,false
Julita,F,false
Bonni,F,true
Dorry,F,true
Nannie,F,true
Axe,M,true
Mersey,F,true
Mychal,M,false
Bobbye,F,true
Adair,M,true
Alikee,F,false
Ulick,M,false
Ronny,M,false
Francklin,M,false
Sherlocke,M,true
Merrel,M,false
Maje,M,true
Viv,F,false
Carlynn,F,false
Alvera,F,false
Federico,M,true
Raf,F,true
Halie,F,false
Derick,M,true
Morten,M,true
Roxy,F,true
Mommy,F,true
Joice,F,true
Marijo,F,true
Karola,F,false
Emmery,M,true
Tybi,F,true
Nonie,F,true
Andee,F,true
Clea,F,false
Gates,F,false
Berkeley,M,false
Korrie,F,false
Mathilde,F,true
Ki,F,false
Kimbell,M,true
Zacherie,M,true
Jordanna,F,true
Adolpho,M,false
Monte,M,true
Mikel,M,true
Alden,M,true
Jeremie,M,false
Maurice,M,false
Oralia,F,false
Garland,F,true
Zorina,F,false
Fred,M,false
Pansie,F,true
Sanderson,M,true
Otho,M,true
Eadmund,M,true
Andie,M,true
Heall,M,false
Herc,M,false
Brigit,F,true
Lizzy,F,false
Booth,M,true
Emmalyn,F,false
Hanna,F,false
Charlotte,F,false
Maitilde,F,true
Liz,F,true
Selma,F,true
Elnore,F,true
Felic,M,true
Ty,M,false
Jedd,M,false
Maryl,F,true
Tiphany,F,true
Maxie,M,false
Simon,M,false
Viola,F,true
Simmonds,M,false
Malia,F,true
Sherlocke,M,true
Alida,F,true
Adore,F,true
Orlando,M,true
Gris,M,false
Lorrin,F,false
Heddie,F,false
Phaedra,F,true
Mirabelle,F,true
Viole,F,false
Martie,M,false
Stanfield,M,true
Pier,F,false
Georas,M,true
Morganica,F,false
Natalee,F,false
Tam,M,false
Chandal,F,false
Morie,M,true
Micah,M,true
Vincent,M,false
Brinna,F,false
Talbert,M,false
Tova,F,false
Rosabelle,F,true
Nelly,F,false
Gilbertine,F,false
Brant,M,true
Regine,F,true
Trisha,F,true
Jaymie,M,false
Carmina,F,true
Elena,F,false
Flin,M,true
Augy,M,true
Cosimo,M,true
Dedie,F,true
Maddy,M,true
Brit,F,true
Karl,M,true
Garrett,M,false
Freddie,F,false
Lynnett,F,true
Kaile,F,false
Verina,F,false
Bernie,F,true
Rosalynd,F,false
Deidre,F,true
Joell,F,false
Lauree,F,true
Durant,M,true
Gerri,M,false
Kathryn,F,false
Pate,M,false
Shalna,F,false
Victoir,M,false
Codie,M,false
Candice,F,false
Currie,M,false
Luis,M,true
Findlay,M,false
Noel,M,false
Carolus,M,false
Brunhilde,F,true
Helaine,F,true
Margaux,F,true
Kassie,F,false
Gregor,M,false
Ilaire,M,true
Evie,F,false
Maryl,F,true
Biddy,F,false
Leshia,F,false
Evangelia,F,false
Aguistin,M,false
Britta,F,false
Xever,M,true
Isaiah,M,true
Cristiano,M,true
Dannel,M,false
Mill,M,false
Marcellina,F,true
Myrta,F,false
Berry,F,false
Van,M,false
Beulah,F,true
Marge,F,true
Cindie,F,true
Tiebout,M,true
Dorian,F,false
Colby,M,true
Devinne,F,false
Arden,F,false
Pearl,F,true
Timmie,F,true
Opaline,F,true
Cate,F,false
Layla,F,false
Shari,F,false
Romonda,F,false
Dennie,F,true
Margot,F,true
Ann,F,false
Claresta,F,false
Alverta,F,true
Ginnie,F,true
Sheilakathryn,F,false
Jerrold,M,false
Bryon,M,true
Hobart,M,true
Ximenez,M,true
Georges,M,true
Brit,M,true
Shel,F,true
Ezri,M,false
Jo-anne,F,true
Eben,M,true
Chip,M,true
Joshia,M,true
Cristiano,M,true
Laura,F,true
Zechariah,M,true
Shelby,M,false
Burty,M,false
Teresita,F,true
Marcille,F,false
Brittni,F,true
Deloria,F,false
Zachariah,M,true
Dore,F,false
Margery,F,true
Amalle,F,false
Celia,F,true
Jolyn,F,true
Friederike,F,true
Lainey,F,true
Dorri,F,false
Packston,M,true
Bernadene,F,false
Leland,M,true
Waneta,F,true
Fabian,M,true
Sunny,M,false
Arlan,M,true
Fleurette,F,false
Perceval,M,false
Sergent,M,true
Farrell,M,false
Percy,M,false
Rochella,F,false
Valentijn,M,true
Milo,M,true
Parker,M,true
Ash,M,false
Cordie,F,true
Jenna,F,true
Charlene,F,true
Saunder,M,true
Lizabeth,F,true
Dacey,F,false
Free,M,false
Julita,F,true
Tilly,F,false
Helge,F,false
Gearard,M,false
Jillian,F,false
Dulcia,F,true
Lorene,F,false
Heddi,F,true
Hayley,F,false
Daniel,M,true
Julianna,F,true
Ingaborg,F,false
Damaris,F,false
Marrilee,F,true
Erhart,M,true
Willie,F,true
Bridgette,F,true
Urbanus,M,false
Egon,M,true
Kenna,F,true
Aindrea,F,true
Grantham,M,false
Meghan,F,false
Abbye,F,false
Brit,M,false
Urbain,M,false
Frants,M,false
Richardo,M,false
Rubi,F,true
Domingo,M,false
Fields,M,true
Peyter,M,false
Renault,M,false
Ashlie,F,true
Linzy,F,true
Atlante,F,true
Conrade,M,false
Odella,F,true
Annamarie,F,false
Carlene,F,true
Alexandro,M,true
Faun,F,false
Dara,F,true
Tiffie,F,true
Adolpho,M,false
Dalston,M,true
Pacorro,M,false
Frazier,M,false
Rania,F,true
Bunni,F,false
Rodge,M,false
Maribelle,F,false
Marin,F,true
Garrot,M,true
Filberte,M,false
Finley,M,false
Tildy,F,true
Fleurette,F,true
Carlin,F,false
Arni,M,false
Layney,F,false
Jasmina,F,false
Esra,M,false
Richy,M,false
Joe,M,true
Lea,F,false
Kaylee,F,false
Sandie,F,true
Daune,F,false
Con,M,true
Englebert,M,false
Myer,M,true
Maury,M,true
Cullin,M,false
Josiah,M,true
Dame,M,true
Celisse,F,true
Pembroke,M,true
Elsie,F,false
Suki,F,false
Richie,M,false
Adelheid,F,false
Sheffy,M,true
Matthiew,M,true
Jamey,M,true
Emmalee,F,true
Renaud,M,true
Melly,F,true
Alex,M,true
Junette,F,true
Vinny,M,true
Waylon,M,true
Lanie,M,false
Skelly,M,true
Zacharia,M,false
Dodie,F,true
Shepherd,M,false
Veradis,F,false
Atlante,F,true
Janessa,F,false
Robinet,M,true
Del,M,true
Sandor,M,false
Skelly,M,true
Jordan,M,false
Orlan,M,true
Brose,M,true
Bastian,M,true
Paco,M,true
Olimpia,F,true
Deeyn,F,false
Naomi,F,true
Alasdair,M,false
Tremain,M,true
Catrina,F,false
Kristien,F,false
Gerick,M,false
Rhianna,F,false
Risa,F,false
Fanya,F,true
Gillan,F,false
Kenna,F,true
Arther,M,false
Nevins,M,true
Christina,F,false
Gena,F,false
Huntlee,M,true
Jerrie,F,true
Imogen,F,false
Roobbie,F,false
Janean,F,false
Liane,F,true
Jakie,M,false
Miran,F,false
Rosina,F,true
Neilla,F,true
Massimo,M,false
Thomasa,F,false
Bryna,F,false
Etty,F,true
Kingsley,M,false
Jacques,M,false
Winni,F,true
Michelle,F,true
Leonardo,M,true
Chas,M,true
Albert,M,false
Hector,M,false
Vasily,M,true
Lee,M,true
Odille,F,false
Allin,M,false
Shelia,F,false
Warner,M,true
Abby,F,false
Tedd,M,true
Genna,F,false
Izabel,F,false
Calida,F,false
Ulrick,M,false
Cammy,M,false
Adolphe,M,true
Harp,M,false
Germain,M,false
Ricardo,M,false
Nilson,M,false
Susanna,F,true
Vanny,F,true
Norri,F,true
Renaldo,M,true
Kent,M,true
Gery,M,true
Keslie,F,false
Alfy,M,true
Felicia,F,false
Sallie,F,true
Shanan,M,false
Tanner,M,true
Hubie,M,false
Hendrik,M,true
Sorcha,F,false
Ilyssa,F,false
Amelie,F,true
Conway,M,false
Jamal,M,true
Lincoln,M,false
Kittie,F,true
Bondy,M,true
Vic,M,true
Erek,M,false
Cecil,F,false
Cybil,F,false
Husain,M,true
Maxy,M,true
Jaquelin,F,false
Darsey,F,true
Ermengarde,F,true
Fanny,F,true
Barret,M,true
Livvie,F,true
Eleanor,F,true
Igor,M,true
Shauna,F,false
