nombre,genero,transporte
Spike,M,carro
Richmond,M,carro
Hazlett,M,tren
Eward,M,tren
Gauthier,M,tren
Silvano,M,tren
Stuart,M,camion
Chicky,M,bicicleta
Iseabal,F,bicicleta
Noella,F,bicicleta
Cazzie,M,carro
Dallon,M,carro
Nickolaus,M,bicicleta
Ardelia,F,tren
Roddie,M,camion
Culley,M,bicicleta
Misty,F,camion
Berton,M,carro
Ferrel,M,carro
Auberon,M,camion
Mandel,M,carro
Vasili,M,camion
Marguerite,F,carro
Adella,F,tren
Valene,F,tren
Adan,M,tren
Emilee,F,carro
Aloise,F,carro
Diann,F,camion
Barclay,M,tren
Dianemarie,F,carro
Brandi,F,camion
Kerk,M,tren
Estrella,F,carro
Amanda,F,camion
Dallis,M,tren
Desiree,F,carro
See,M,camion
Charlton,M,bicicleta
Zarla,F,camion
Claiborn,M,carro
Nathanil,M,carro
Dietrich,M,carro
Tobi,F,tren
Francisco,M,carro
Randi,M,bicicleta
Culver,M,camion
Silvan,M,bicicleta
Torie,F,bicicleta
Magdaia,F,tren
Johan,M,tren
Welsh,M,carro
Karyn,F,camion
Jasmine,F,bicicleta
Mari,F,bicicleta
Abbie,F,tren
Imojean,F,tren
Tracee,F,bicicleta
Steffi,F,camion
Lindy,M,camion
Walsh,M,carro
Rafaela,F,camion
Aidan,F,tren
Gabie,M,camion
Xaviera,F,bicicleta
Loutitia,F,tren
Locke,M,tren
Karl,M,carro
Aland,M,camion
Melantha,F,camion
Reggie,M,camion
Jaye,M,bicicleta
Cornie,M,tren
Floris,F,tren
Prudence,F,camion
Marlane,F,carro
Gwenette,F,carro
Reynolds,M,bicicleta
Alvina,F,camion
Hillel,M,tren
Mycah,M,camion
Laney,M,bicicleta
Dorree,F,bicicleta
Aleda,F,carro
Andre,M,tren
Bone,M,bicicleta
Valentine,M,camion
Thoma,M,tren
Portia,F,tren
Clywd,M,bicicleta
Lyman,M,tren
Sigismundo,M,carro
Lamar,M,tren
Kearney,M,camion
Janaya,F,camion
Rriocard,M,camion
Brunhilde,F,carro
Marley,F,carro
Dunn,M,carro
Jeffry,M,tren
Nerti,F,camion
Erna,F,tren
Bryna,F,bicicleta
Rich,M,camion
Ashil,F,camion
Barrett,M,carro
Tobiah,M,camion
Brose,M,camion
Georgette,F,tren
Ado,M,bicicleta
Milissent,F,carro
Christabella,F,carro
Mehetabel,F,tren
Joan,F,bicicleta
Emmanuel,M,tren
Farley,M,carro
Talbot,M,carro
Saundra,M,carro
Anne-corinne,F,camion
Ulick,M,tren
Candice,F,camion
Kerr,M,tren
Carla,F,camion
Desmond,M,tren
Tully,M,camion
Josephine,F,carro
Therine,F,camion
Farlee,M,tren
Faythe,F,tren
Chanda,F,bicicleta
Atlante,F,tren
Gabriel,M,camion
Millicent,F,bicicleta
Kilian,M,carro
Ermanno,M,camion
Randa,F,camion
Benedetto,M,camion
Harman,M,camion
Mirabel,F,tren
Lewes,M,bicicleta
Olive,F,bicicleta
Saudra,F,carro
Loria,F,bicicleta
Delinda,F,camion
Loreen,F,tren
Lorilyn,F,tren
Jeffy,M,bicicleta
Koral,F,carro
Annie,F,bicicleta
Kathy,F,carro
Kain,M,bicicleta
Gustav,M,carro
Nolly,M,tren
Andy,F,tren
Genovera,F,camion
Malena,F,carro
Kristina,F,camion
Chancey,M,carro
Kala,F,bicicleta
Jesse,M,bicicleta
Kiley,F,bicicleta
Yvor,M,tren
Dottie,F,bicicleta
Sophronia,F,camion
Rolph,M,camion
Rayshell,F,tren
Shantee,F,camion
Rudd,M,carro
Minor,M,carro
Kipper,M,carro
Eugenia,F,camion
Mickie,F,carro
Shanta,F,bicicleta
Humfrey,M,tren
Lem,M,camion
Allie,M,tren
Sal,F,tren
Daron,F,bicicleta
Shep,M,carro
Risa,F,camion
Brett,M,camion
Godfry,M,tren
Jaquenette,F,carro
Bryon,M,bicicleta
Bradly,M,tren
Fernandina,F,tren
Lenee,F,tren
Urbanus,M,bicicleta
Hyacinth,F,tren
Anetta,F,camion
Roseline,F,carro
Davin,M,tren
Aguistin,M,carro
Vincenz,M,camion
Orville,M,carro
Rodrique,M,camion
Penni,F,tren
Celia,F,bicicleta
Dyann,F,bicicleta
Syd,M,carro
Valina,F,camion
Sibby,F,tren
Michael,M,tren
Gabriel,F,tren
Andriana,F,tren
Sal,F,carro
Felicity,F,camion
Rudy,M,camion
Deeyn,F,bicicleta
Samuel,M,carro
Christye,F,camion
Erik,M,carro
Thorin,M,bicicleta
Lisle,M,carro
Ferd,M,camion
Darleen,F,carro
Mela,F,tren
Haroun,M,tren
Thorsten,M,bicicleta
Pepi,F,bicicleta
Aubert,M,bicicleta
Hilliard,M,tren
Patrizius,M,camion
Cornelle,F,bicicleta
Delano,M,bicicleta
Ivette,F,tren
Darn,M,carro
Gradeigh,M,bicicleta
Darnall,M,carro
Mimi,F,tren
Lowe,M,bicicleta
Dulcea,F,carro
Josefa,F,camion
Fin,M,bicicleta
Royce,M,carro
Melamie,F,tren
Joycelin,F,tren
Elihu,M,carro
Anton,M,carro
Adda,F,tren
Cicily,F,tren
Gardiner,M,carro
Ofelia,F,carro
Dorothee,F,carro
Zane,M,bicicleta
Jacquenette,F,camion
Care,M,camion
Anne,F,carro
Odey,M,carro
Nessie,F,tren
Fredelia,F,bicicleta
Codie,M,carro
Gordan,M,bicicleta
Barny,M,tren
Lucius,M,carro
Tedman,M,carro
Kata,F,tren
Dolli,F,tren
Myrle,F,tren
Edvard,M,bicicleta
Kinnie,M,camion
Kelley,M,tren
Marcela,F,carro
Michale,M,camion
Bettina,F,carro
Dottie,F,bicicleta
Asher,M,bicicleta
Rutledge,M,camion
Lyman,M,bicicleta
Elbert,M,bicicleta
Montague,M,tren
Conny,F,tren
Darb,M,carro
Ed,M,camion
Hall,M,carro
Newton,M,bicicleta
Donall,M,carro
Leland,F,tren
Brandais,F,bicicleta
Kandace,F,camion
Ava,F,carro
Yovonnda,F,tren
Neill,M,tren
Katti,F,bicicleta
Chloe,F,tren
Lilia,F,bicicleta
Gabbi,F,tren
Laurent,M,bicicleta
Bone,M,tren
Jonis,F,bicicleta
Selma,F,tren
Jerrold,M,tren
Samuele,M,carro
Emmit,M,bicicleta
Rand,M,carro
Fletcher,M,camion
Loutitia,F,bicicleta
Hilary,M,carro
Hilliard,M,camion
Janella,F,camion
Leanora,F,carro
Stefanie,F,bicicleta
Marya,F,bicicleta
Winny,F,bicicleta
Drucill,F,tren
Linc,M,bicicleta
Susanne,F,camion
Sebastien,M,carro
Torrie,F,carro
Garrard,M,bicicleta
Delilah,F,carro
Darcie,F,carro
Madelyn,F,carro
Del,F,carro
Collin,M,carro
Jeanie,F,carro
Ladonna,F,carro
Archibald,M,bicicleta
Orren,M,carro
Ced,M,camion
Barnabas,M,bicicleta
Mead,M,camion
Antin,M,tren
Tani,F,bicicleta
Constantino,M,tren
Cos,M,carro
Augustina,F,bicicleta
Arabele,F,camion
Percy,M,bicicleta
Klarrisa,F,tren
Heinrick,M,camion
Marketa,F,carro
Aeriela,F,tren
Padgett,M,bicicleta
Otto,M,bicicleta
Winny,M,bicicleta
Grete,F,camion
Damaris,F,tren
Emili,F,tren
Paxon,M,carro
Sven,M,carro
Selene,F,tren
Lorinda,F,carro
Tanitansy,F,camion
Jamil,M,camion
Reginald,M,tren
Maddy,M,tren
Monti,M,camion
Dena,F,carro
Kathy,F,bicicleta
Teddy,F,camion
Ambrose,M,carro
Sandor,M,tren
Saw,M,bicicleta
Basia,F,carro
Panchito,M,tren
Wang,M,tren
Alexis,F,bicicleta
Gracie,F,bicicleta
Fidela,F,camion
Domenico,M,bicicleta
Dani,F,tren
Mikel,M,bicicleta
Lulu,F,tren
Blair,F,camion
Roxane,F,bicicleta
Edith,F,camion
Lexis,F,tren
Sol,M,tren
Gwenny,F,carro
Antonio,M,tren
Cordelie,F,camion
Athene,F,bicicleta
Gert,F,carro
Euell,M,carro
Karlyn,F,tren
Arte,M,camion
Sayers,M,bicicleta
Pat,M,carro
Anneliese,F,camion
Katine,F,carro
Winna,F,tren
Bridget,F,bicicleta
Nicky,M,bicicleta
Darb,M,carro
Zeb,M,camion
Margarethe,F,carro
Alfred,M,bicicleta
Fredric,M,bicicleta
Collette,F,carro
Adrianna,F,camion
Rossy,M,carro
Darnall,M,camion
Florette,F,carro
Garek,M,camion
Case,M,bicicleta
Roy,M,carro
Starla,F,camion
Hedy,F,tren
Lora,F,tren
Rad,M,tren
Ramon,M,bicicleta
Shawna,F,tren
Blanche,F,carro
Adelice,F,bicicleta
Flinn,M,carro
Thayne,M,bicicleta
Markus,M,tren
Eugine,F,tren
Keene,M,bicicleta
Dehlia,F,tren
Daphne,F,camion
Jean,M,tren
Clive,M,bicicleta
Neils,M,carro
Merla,F,tren
Pinchas,M,bicicleta
Olav,M,bicicleta
Page,M,camion
Darcy,M,carro
Terence,M,carro
Trumaine,M,carro
Lexi,F,camion
My,M,carro
Kori,F,carro
Nola,F,carro
Eldredge,M,camion
Alaine,F,camion
Chaddy,M,bicicleta
Richmound,M,bicicleta
Meggi,F,carro
Guillaume,M,camion
Jennie,F,camion
Tedd,M,carro
Holly-anne,F,camion
Wyatt,M,carro
Cornelia,F,tren
Nestor,M,camion
Gerald,M,tren
Bonnibelle,F,bicicleta
Gerhard,M,tren
Fidole,M,camion
Andonis,M,bicicleta
Garnette,F,tren
Cedric,M,camion
Ezequiel,M,tren
Cloris,F,tren
Boonie,M,tren
Heather,F,camion
Marina,F,bicicleta
Delainey,M,carro
Hakeem,M,carro
Susannah,F,tren
Grantham,M,bicicleta
Alecia,F,tren
Teddy,M,camion
Marcellina,F,carro
Francisca,F,carro
Denis,M,camion
Jeannine,F,camion
Kerk,M,tren
Taylor,M,camion
Jacki,F,tren
Izak,M,carro
Anitra,F,bicicleta
Catha,F,tren
Trumann,M,bicicleta
Gabbie,F,tren
Ced,M,camion
Brendon,M,camion
Konstanze,F,bicicleta
Verene,F,carro
Aubine,F,tren
Elysia,F,carro
Tomas,M,carro
Kellen,F,bicicleta
Ruttger,M,bicicleta
Tandie,F,tren
August,M,tren
Arlena,F,camion
Audy,F,tren
Maura,F,tren
Paulie,F,bicicleta
Ferrel,M,tren
Bryce,M,tren
Kamila,F,tren
Orville,M,tren
Alexis,F,camion
Byrom,M,camion
Myrwyn,M,bicicleta
Ashley,M,carro
Ambrose,M,camion
Lou,F,carro
Celene,F,tren
Bruce,M,carro
Mohandis,M,carro
Rickard,M,camion
Cornelius,M,tren
Normand,M,bicicleta
Arther,M,camion
Lucas,M,bicicleta
Kliment,M,bicicleta
Del,F,camion
Eva,F,camion
Ruthe,F,tren
Daphna,F,carro
Larina,F,carro
Daisey,F,bicicleta
Paulie,M,tren
Reggie,M,bicicleta
Timotheus,M,tren
Ginni,F,tren
Junie,F,tren
Kinny,M,bicicleta
Fiorenze,F,carro
Rebecca,F,tren
Agretha,F,tren
Archie,M,bicicleta
Orly,F,camion
Bonnee,F,bicicleta
Tyrus,M,camion
Fiona,F,bicicleta
Fritz,M,bicicleta
Lefty,M,camion
Gertruda,F,carro
Maurice,M,tren
Jillana,F,tren
Gayle,M,bicicleta
Walliw,F,camion
Kerstin,F,camion
Marshall,M,bicicleta
Aldo,M,bicicleta
Gayel,F,tren
Deidre,F,bicicleta
Christa,F,carro
Berthe,F,tren
Consuelo,F,camion
Rory,F,tren
Brittney,F,bicicleta
Sheffie,M,tren
James,M,bicicleta
Vernor,M,bicicleta
Jeremy,M,camion
Donn,M,tren
Filmore,M,bicicleta
Dale,M,bicicleta
Gardener,M,bicicleta
Chloe,F,bicicleta
Lorilyn,F,bicicleta
Kelsey,F,bicicleta
Belicia,F,tren
Christoper,M,carro
Chrissy,F,carro
Sher,F,carro
Jarrett,M,camion
Moishe,M,carro
Travus,M,bicicleta
Clarey,F,tren
Elliot,M,camion
Terry,M,carro
Haley,F,camion
Brody,M,carro
Cammy,M,tren
Joey,F,bicicleta
Mariel,F,camion
Danella,F,bicicleta
Ax,M,carro
Emelia,F,tren
Benji,M,bicicleta
Rosmunda,F,carro
Janith,F,camion
Allene,F,tren
Haily,F,carro
Ruby,F,camion
Vivianna,F,camion
Ann-marie,F,bicicleta
Feodor,M,tren
Ruthanne,F,carro
Thurston,M,carro
Rene,M,camion
Armin,M,bicicleta
Vernor,M,bicicleta
Biron,M,bicicleta
Pen,M,bicicleta
Janaya,F,tren
Candace,F,bicicleta
Thaddeus,M,bicicleta
Trenna,F,carro
Rafferty,M,camion
Wilie,F,carro
Scarlett,F,tren
Alys,F,camion
Lloyd,M,tren
Dorian,M,camion
Donn,M,tren
Aline,F,carro
Fayth,F,carro
Linus,M,bicicleta
Rosabelle,F,bicicleta
Rowney,M,carro
Tally,M,camion
Ofelia,F,bicicleta
Neils,M,camion
Burr,M,camion
Chrissie,M,tren
Wesley,M,bicicleta
Tim,F,bicicleta
Erika,F,bicicleta
Crystal,F,camion
Xavier,M,carro
Shepard,M,carro
Tobey,F,bicicleta
Alyse,F,bicicleta
Park,M,carro
Carlene,F,camion
Jamey,M,tren
Kale,M,carro
Davidde,M,camion
Alene,F,carro
Sergei,M,bicicleta
Cindi,F,bicicleta
Casey,F,carro
Cullan,M,tren
Rodi,F,tren
Kelsey,F,camion
Hedwig,F,tren
Deva,F,carro
Bennie,M,tren
Aldus,M,carro
Osbourn,M,bicicleta
Garvy,M,tren
Coletta,F,camion
Wilbert,M,bicicleta
Dawn,F,camion
Doris,F,camion
Debora,F,camion
Logan,M,carro
Joycelin,F,carro
Hew,M,carro
Wheeler,M,tren
Carver,M,tren
Delaney,M,tren
Kittie,F,tren
Eldin,M,bicicleta
Jedediah,M,camion
Megen,F,carro
Mathias,M,bicicleta
Rolph,M,camion
Margy,F,tren
Renaud,M,tren
Kimberlyn,F,camion
Tarrance,M,carro
Konstanze,F,tren
Christophorus,M,camion
Geoffry,M,camion
Dionisio,M,carro
Chaim,M,camion
Johannes,M,camion
Way,M,camion
Curr,M,tren
Gabrielle,F,bicicleta
Meredeth,M,carro
Gale,F,camion
Karl,M,camion
Mady,F,carro
Clarence,M,tren
Barbabra,F,tren
Whitby,M,camion
Brod,M,bicicleta
Tabitha,F,bicicleta
Rois,F,bicicleta
Shawnee,F,bicicleta
Fawnia,F,tren
Coleen,F,carro
Andros,M,tren
Orelee,F,bicicleta
Eduard,M,camion
Nelson,M,carro
Alexandros,M,camion
Rollo,M,camion
Sonnie,M,tren
Otho,M,carro
Nettie,F,tren
Ram,M,bicicleta
Abey,M,camion
Angelique,F,bicicleta
Biron,M,carro
Cloe,F,camion
Tabby,M,carro
Stuart,M,tren
Biddie,F,camion
Talia,F,camion
Yvor,M,bicicleta
Meir,M,bicicleta
Rebecka,F,bicicleta
Garvy,M,carro
Nessa,F,camion
Amelita,F,bicicleta
Myrtie,F,carro
Haskell,M,bicicleta
Jorey,F,tren
Yoshi,F,bicicleta
Marian,F,tren
Gary,M,bicicleta
Kristien,F,carro
Suellen,F,carro
Sula,F,carro
Lucho,M,tren
Maryann,F,carro
Elliott,M,camion
Rubi,F,carro
Johnna,F,tren
Jared,M,bicicleta
Shel,F,carro
Gaylor,M,bicicleta
Harlene,F,tren
Latashia,F,tren
Susy,F,carro
Roddie,M,carro
Sholom,M,camion
Leicester,M,camion
Loria,F,tren
Alika,F,tren
Saraann,F,bicicleta
Kally,F,carro
Hermy,M,tren
Tami,F,bicicleta
Standford,M,bicicleta
Marita,F,camion
Peri,F,camion
Melina,F,carro
Nomi,F,bicicleta
Johannes,M,tren
Jock,M,tren
Immanuel,M,bicicleta
Douglas,M,tren
Amabelle,F,carro
Manya,F,carro
Verena,F,carro
Bonnibelle,F,carro
Petronille,F,camion
Sarine,F,tren
Xerxes,M,bicicleta
Moselle,F,camion
Elsworth,M,bicicleta
Rita,F,tren
Cristionna,F,camion
Klement,M,camion
Rebekkah,F,tren
Elene,F,bicicleta
Petrina,F,bicicleta
Lorianne,F,tren
Joshuah,M,camion
Lizette,F,tren
Hildy,F,camion
Dori,F,carro
Dietrich,M,camion
Merwyn,M,camion
Nathalie,F,carro
Coleen,F,carro
Chadd,M,bicicleta
Reece,M,camion
Ariadne,F,tren
Prent,M,carro
Woodrow,M,carro
Son,M,camion
Caro,F,carro
Adolf,M,camion
Lenka,F,camion
Reid,M,bicicleta
Percival,M,bicicleta
Lacie,F,camion
Pierre,M,tren
Charissa,F,camion
Babbie,F,camion
Phaedra,F,bicicleta
Augustus,M,tren
Susan,F,carro
Roma,M,bicicleta
Gusti,F,carro
Yank,M,tren
Lyn,F,carro
Philippine,F,camion
Linoel,M,camion
Jolie,F,tren
Elizabeth,F,camion
Cherish,F,camion
Bekki,F,tren
Huntley,M,tren
Melicent,F,tren
Caressa,F,tren
Colin,M,bicicleta
Chloette,F,bicicleta
Urson,M,bicicleta
Mellisent,F,bicicleta
Monica,F,bicicleta
Violetta,F,carro
Audie,F,bicicleta
Shanon,F,tren
Sosanna,F,carro
Starla,F,tren
Ahmad,M,carro
Pietra,F,carro
Margarete,F,bicicleta
Waldon,M,bicicleta
Abigale,F,tren
Jonas,M,bicicleta
Min,F,carro
Marylynne,F,tren
Errol,M,bicicleta
Natala,F,camion
Teddy,F,camion
Karlie,F,bicicleta
Skippie,M,tren
Perri,F,carro
Freemon,M,camion
Georgi,M,carro
Beniamino,M,tren
Adolphe,M,camion
Jarad,M,carro
Georgeta,F,carro
Rina,F,tren
Celestyna,F,tren
Kristal,F,camion
Urson,M,carro
Alphonse,M,tren
Rolf,M,bicicleta
Lissa,F,carro
Ora,F,carro
Emmy,F,carro
Maitilde,F,camion
Saree,F,carro
Harwell,M,carro
Jorrie,F,bicicleta
Corrie,M,bicicleta
Ricki,F,bicicleta
Catrina,F,tren
Annabell,F,tren
Phyllys,F,camion
Kristina,F,tren
Marylin,F,camion
Abramo,M,carro
Natale,M,bicicleta
Lucien,M,camion
Tabby,M,camion
Felic,M,camion
Betteanne,F,carro
Regan,F,tren
Josephine,F,camion
Leigha,F,bicicleta
Jorey,F,carro
Myrwyn,M,bicicleta
Jesus,M,camion
Gill,F,bicicleta
Fraze,M,camion
Hollyanne,F,carro
Emile,M,bicicleta
Brennan,M,camion
Germayne,M,tren
Herby,M,bicicleta
Sibylle,F,tren
Georgianna,F,camion
Marsha,F,carro
Lanita,F,carro
Bride,F,carro
Alta,F,carro
Tristam,M,bicicleta
Windy,F,carro
Diane,F,carro
Feliza,F,bicicleta
Ameline,F,bicicleta
Loy,M,bicicleta
Nollie,M,bicicleta
Fayette,F,tren
Roderigo,M,carro
Sawyer,M,camion
Suzanna,F,tren
Tedra,F,camion
Davine,F,carro
Krishna,M,tren
Niel,M,camion
Eleonore,F,tren
Saundra,F,tren
Lishe,F,tren
Paule,F,bicicleta
Ibrahim,M,tren
Cristin,F,tren
Roger,M,bicicleta
Elysia,F,carro
Towney,M,tren
Maddy,M,camion
Man,M,bicicleta
Ruttger,M,carro
Crissy,F,tren
Stefan,M,carro
Mitzi,F,bicicleta
Joane,F,camion
Stevie,M,camion
Tamqrah,F,tren
Otho,M,carro
Antonin,M,tren
Charley,M,camion
Timmy,M,carro
Laney,F,camion
Eva,F,bicicleta
Phaedra,F,tren
Suzy,F,carro
Bess,F,bicicleta
Britt,F,camion
Shanon,F,camion
Isacco,M,camion
Tiphanie,F,camion
Lorenzo,M,carro
Brent,M,camion
Amalle,F,carro
Reena,F,bicicleta
Carmen,F,carro
Mellisa,F,carro
Shermie,M,bicicleta
Brody,M,bicicleta
Sayers,M,camion
Barn,M,carro
Jean,M,carro
Ephrayim,M,bicicleta
Sayer,M,carro
Mischa,M,tren
Amelita,F,tren
Bronson,M,camion
August,M,tren
Giorgio,M,tren
Josefina,F,bicicleta
Cindee,F,tren
Karin,F,bicicleta
Russell,M,bicicleta
Keefer,M,camion
Gail,F,carro
Farrand,F,bicicleta
Christen,F,carro
Suzi,F,bicicleta
Grata,F,tren
Francyne,F,carro
Sammie,M,bicicleta
Manon,F,camion
Ezechiel,M,tren
Laryssa,F,carro
Dickie,M,tren
Dodi,F,camion
Celle,F,camion
Muhammad,M,bicicleta
Lionello,M,camion
Garry,M,carro
Spenser,M,camion
Nilson,M,bicicleta
Dolores,F,tren
Opaline,F,bicicleta
Gerry,M,bicicleta
Frieda,F,bicicleta
Wilie,F,carro
Dorothee,F,tren
Amara,F,camion
Cliff,M,tren
Rubin,M,bicicleta
Galven,M,carro
Ruprecht,M,bicicleta
Lurette,F,camion
Graig,M,bicicleta
Maxy,M,camion
Mariel,F,carro
Edythe,F,carro
Dallis,M,carro
Frederich,M,camion
Desiri,F,camion
Rudolph,M,carro
Bethany,F,camion
Sigrid,F,carro
George,M,carro
Alli,F,bicicleta
Jo,M,bicicleta
Derward,M,carro
Hanna,F,camion
Obed,M,bicicleta
Damita,F,carro
Kristofer,M,tren
Kimmy,F,bicicleta
Elwood,M,tren
Natty,M,camion
Annmaria,F,tren
Lara,F,tren
Kanya,F,bicicleta
Celina,F,carro
Andres,M,bicicleta
Carroll,F,carro
Sybil,F,bicicleta
Doro,F,camion
Aida,F,bicicleta
Seumas,M,camion
Carroll,F,bicicleta
Thia,F,bicicleta
Collin,M,camion
Martelle,F,camion
