id,gerente,ganancias,estado
3530290119768372,Zorine Pettis,1612218,25
6372129801331822,Briano Crumly,693824,18
5592766681533591,Zolly Zarfat,244219,13
378198473544357,Vincent Chumley,22463,19
30387173869491,Clemmie O'Dowd,381219,3
3582858579420044,Sheelagh Crasford,807474,16
3578958646987722,Ranique Awdry,1536539,1
374288140556159,Jen Barlow,631284,2
6709332119361697,Marcy Tomkins,645253,13
633442092775827281,Stormy Posen,638304,14
06049209395061952,Edin Serjent,327315,20
6709578906124863127,Wendeline Eakin,1388437,29
5519497424183821,Keefe Shreeve,1482084,18
3577428997567334,Antoni Norval,812566,21
201677625760618,Isac Matejovsky,1043082,7
30568531836997,Bron Godfree,295418,2
6304423862423666,Sylvia Swindle,813609,32
201558374689218,Conrad Hencke,558726,20
3565707651895824,Andie Wagstaffe,204013,17
5048370587500166,Thane Blower,379094,25
6759126740710800991,Doretta Peris,241077,18
3567445577451111,Cirilo Grishakin,1532382,5
3550959935283304,Bondy Saph,498157,13
3575124070130841,Debbi Ketley,571290,2
30016931913438,Nona Jimeno,1038275,19
4405633174288713,Patty Owlner,1677528,1
5464875397744171,Shell Ekins,1649323,10
6304974665419346335,Vance Rioch,1290266,31
3582222236507315,Woodrow Agnew,809803,29
4905835706318877,Marietta Keave,565661,22
6759611756095300805,Nannette Herries,1101335,22
3566216868283393,Ange Louthe,1813399,31
3544394020677195,Ogdan Scott,272263,22
3569019618124504,Hannis Oxley,1693524,25
58933468829158301,Gino Mooreed,1828172,23
4041378408587,Ilario Joinson,777398,27
3549485367565293,Garrik Sim,629143,32
4083191181012120,Nicolas Batson,929277,26
490375376516667965,Jewel Widdup,40301,6
3565579331080337,Miguela Hayhow,1885691,12
6378764953425065,Emmy Biddlecombe,512353,28
3570439221370574,Truda Sedgmond,70551,15
4917781740290720,Sarine Wilshire,1499325,30
3571628429091557,Bernadette Blei,1296562,18
5602225071203933,Dennis Brasseur,1680587,29
3536574951226043,Marshal Bastard,857969,2
337941486174005,Mada Colbron,1110906,17
5379881897464017,Modesta Dickens,1472880,31
5048374225586462,Wallace Dimanche,1690935,10
30116534438245,Dillon Frier,497506,20
67623928732923154,Reeta Firk,186136,19
564182846699606126,Jarid Goane,570082,16
5100139581523507,Joachim Huttley,1026970,14
3566734857538692,Jo ann Morrish,1188310,5
5007660019814675,Melanie Hutcheson,924514,3
3579593609866388,Matthias Maylor,1512776,6
060428633304763945,Sidnee Glader,251153,6
3556044734350275,Huberto Corkell,1450894,6
201768360590276,Terry Privett,146186,32
3572387268633032,Jordana McAndrew,1510757,32
56022127752402823,Bevan Sarah,1110639,29
3541758668934261,Perceval Plante,834876,4
3563057322552152,Rollins Amorts,1163650,18
6759501557259246,Moreen Colliver,132688,32
3586508427830433,Jessie Gilbertson,609949,5
30557443917813,Jon Palke,640325,5
5602237854878369,Rob Kimmons,1228989,5
5610709807340028,Kym Downe,806410,17
3549598476097717,Adamo Allett,640294,20
3577193414335364,Halsey Rigby,1558587,30
3558476436090361,Erna Scoines,1749734,6
201777051300978,Doria Bolding,1055340,6
3570117719380533,Laurene Shaw,1227652,32
3567142744401059,Augusta Poxton,1239265,20
6759003833419124,Jodee Henric,518964,17
5602252140170166,Egor Cutress,62286,19
3546203866081867,Morly Meech,976693,5
3563540055053761,Ninnette Voice,1661966,13
3561660266137195,Bonni Moresby,340704,11
6759754710282134714,Blondelle Gribbon,351644,9
3558951602736583,Ansell de Nore,103866,9
490557283127269159,Jarrad Ballingal,555672,28
3567867655685056,Willette Sandifer,1810680,14
4911833317061640,Edvard Lea,1471240,18
4903244923636256,Quint Castagnet,884732,3
3573566526744603,Rosalynd Sweeney,851585,6
490588844489540595,Carney Najera,817537,15
3555382253757319,Cyrill Rockell,1460291,16
6375833434271183,Phillida Bisseker,475314,9
3571280239841985,Raimondo Kobpac,1714896,16
3578593242099992,Guido Renad,1204243,11
5602247782317091,Jarrett Jirousek,1031354,14
3579193801290212,Marchelle McGloughlin,122983,25
5641823118293091485,Cathlene Gruszka,1540655,23
4911008937359506,Kaitlynn Awin,1588485,6
3554896961603193,Normie Cavozzi,1762175,3
201546427879845,Arielle Inglesfield,52351,5
3575599745438234,Annamarie Capaldi,328894,26
5010122437224479,Wittie Blinerman,17444,29
5368119945439217,Ruprecht Cowles,1526755,30
5594373413503022,Milty Simmell,1394004,2
3538877159407945,Benjy Zebedee,1037892,19
201798348447604,Karney Woodrow,1043782,6
5893733064893063,Arabele Corsham,1280658,29
6388689132460980,Julietta Janicijevic,1885208,7
3582738134537211,Danie McSaul,1462418,24
3543477819163450,Rois Brugemann,1597654,19
6706142283888133,Johny Heatherington,1641476,25
3567732687898061,Monica Kilmurry,545909,5
3576594694686338,Sherlocke Bosman,149171,12
3553966950993409,Dukey Slimings,1256595,29
6331109241786199,Ilyssa Element,1797608,4
3561768702828200,Chelsea Mapis,66416,13
30363831205873,Fiona Chandlar,1222933,2
589386560677671199,Thacher Forrestor,837455,5
5570690041761591,Sunny Motion,1449033,32
5007663640039480,Pate Basek,63449,22
5295813945954617,Aili Geaves,1198788,8
6333342305549867751,Isidore Benedtti,1436777,20
3534862334630938,Perkin Taylot,682998,10
50389360915307254,Manolo Jacks,436870,22
4936451391640568,Elonore Frostdyke,652244,12
6767537746265487577,Brit Gildersleaves,17145,6
3536236928490678,Bibbye Andrieux,1597982,3
3528601249558653,Kipp Rushmer,1731781,23
3544399782748522,Hetti Blumsom,1130199,12
5258302844181857,Mic De Freyne,1094590,16
3544938989281520,Gib Dawks,449696,30
5569225769598892,Erna Peaden,1686452,12
3589243289530007,Stormy Dowdle,886833,32
3572833409734155,Sal Glasgow,167540,29
5018916115328714,Jerald Marris,1798154,12
3581548755515623,Fay O'Donohue,1544178,4
374622022320591,Mort Leadbeatter,997475,14
6380739672627825,Granthem Mound,819972,5
3571288724978584,Fergus Chezelle,470800,22
3575833005385607,Nancey Devoy,1053480,14
5893782050338260,My Bocken,332662,27
3532297608671619,Carolee Paris,1841960,14
3567188840928586,Neddie Drivers,788784,26
201400346629586,Merrel Dugall,774255,23
3582944670632081,Marvin Lindenbluth,1465834,6
3531086151302404,Carmen Jeandot,1233979,6
6709233176252755,Axel Tough,1447282,25
676297508594084890,Randal Waiton,829652,27
5100144438507372,Miranda Peinton,1284625,22
5602223245034888,Betteanne Kingsman,646001,6
5602248307475463,Karlens MacPhee,1174135,2
201640073255317,Donal Harnott,1725129,14
3578127368392319,Sabrina Van den Dael,63429,8
6771025831581527123,Rakel Chatell,997305,7
3574887691710016,Codie Bianco,394641,16
374283087855995,Doyle Ruzek,1479365,29
201838069877298,Orren Kinsley,1001829,20
676137323067463330,Debora Hallahan,1888041,29
3551286874763024,Glenine Fairbeard,1166388,23
06045255862441437,Aleece O' Culligan,353762,5
3577978858947991,Vivienne Snelle,995615,24
6762891697886858,Shurwood Prestwich,639395,27
3541745592085872,Kit Jenks,60746,8
6331105191117500,Larissa Simmonds,488123,4
3540510722174702,Aura Glaister,100881,13
3537730844311561,Zia Bakesef,643223,5
3541721792165715,Conrad Byne,1071101,8
5602255906034925949,My Derrett,935834,21
6304636773286235746,Elinor Finci,1136775,22
3586313258212409,Netti Danilenko,1436332,5
3576591313676575,Pepe Binding,1897534,21
337941884945485,Felipa Milbourn,411851,28
3572132077495557,Reinhold Weir,937563,32
6396593846809401,Morganica Yeeles,723836,14
6709500934315219,Lillis Sleicht,1257950,32
6759950170339457,Vale Buff,474230,17
3580017893142295,Wilek Bednall,161668,28
3574297172927925,Kaiser Corcoran,1321630,20
4917810008267516,Cozmo Maultby,1541843,2
6390154168284966,Kathrine Rivelon,1836174,22
5048378144943548,Darill Aindrais,1019315,23
30214982276249,Tadeo Knowlson,785569,17
3564270339723521,Omar Soldner,1812702,12
5516364760963633,Rock Riggey,1089904,3
3531870561869346,Morly Slatford,795603,5
3534282634268000,Molli Allain,30371,21
5602242800016206665,Robbin Slesser,1657111,23
30229135681673,Granny Linklet,1612858,4
3533008821033316,Anica Pindred,188249,10
3573700650991389,Janina Karlicek,807860,30
3567754578644586,Maia Burgane,806509,2
3549085361321667,Priscella Loomes,1318616,23
4175008989635416,Dan Gather,574590,1
501856218178102919,Ingrid Hows,1512599,17
3529046412765876,Audy Ingledew,1558306,28
30118915476703,Kimberli Killick,1872637,22
6397228008492261,Corabel Igounet,1270950,20
6374205412784696,Michelle Biner,527480,31
3561715872707821,Rhetta Olden,1010134,5
337941200294022,Ashley Reddecliffe,643406,5
3579753968549211,Eduino Kerrey,74406,21
3557119086706412,Valentijn Deboick,142505,17
201654170656889,Kelley Winslett,423209,23
5108753918233390,Rowney Caunce,1072805,25
3581843829194822,Anny Esslement,1334873,27
3564198382496531,Yasmeen Greed,1459193,14
3570274374211816,Bernette Tethacot,1197411,18
5602250998201828,Bennie MacKaig,1584179,15
3528239858473094,Aloin Postians,979032,26
5100142213952250,Dulci Bignold,532595,2
30516597000552,Channa Pollock,187540,8
4175006637728609,Stavro Betjeman,996764,15
060447598538752625,Flora Dessent,1241164,16
5610493292203467855,Audrie Abramow,607203,11
4405887119349473,Carleen Ranahan,1702836,9
633420091652690057,Simonne Garmey,313418,16
201573124549059,Jenine Malloch,1803533,7
3570966044767396,Frederick Cawdell,1724271,17
30384570461063,Arlana MacPike,589708,8
3549621570161955,Dara Roberson,827209,8
3583896158678474,Ximenez Cokayne,1773206,7
347225015784502,Audrie Stobbes,1653125,20
633110295470815755,Vivienne Lapthorne,1867522,12
4041379066894719,Dall Flanne,1065135,24
6382028561430592,Netti Huitt,1116695,17
4175000710825432,Cherry Wilkins,637760,21
5007664198874609,Jandy Motte,276321,27
5010126517516605,Yvonne Maudett,997929,5
6334388840672192463,Dalt Twinborne,1428063,13
30014101253735,Perry Ewbanke,264135,9
3557048933608341,Margery Exley,848193,21
5010124713923816,Ruthe Waterhowse,142317,25
5018346299022462640,Mannie Mowbury,861832,9
3580087984639582,Woodman Gosby,1241100,8
630453836555982811,Nickolas Summerton,1292985,4
5893579998229393698,Kassie Ryson,236337,19
5100175807173115,Darlene Feakins,987480,12
3573890596126263,Berti Cavey,492706,20
5020803983902235620,Christophe Jamme,1067734,15
30364672654096,Hannie Hatwells,115852,31
4844650826110664,Lynette Byrnes,1244205,25
201918512788381,Suzette Yemm,892896,4
5007661378135538,Katya Deaton,732122,4
5602217053930559,Cosimo McElhinney,1308967,20
3551142703372083,Eveleen Sebright,1200373,12
6333238853585123289,Malynda Messam,1377356,19
5602239817294502,Adrienne Tanzig,1176687,9
5893905883207044,Shela Liddell,1630597,2
5276766596284002,Nicolas Ashbridge,425501,8
30363512797073,Ingunna Cowterd,1417377,10
3553133244970517,Tony Blankhorn,1880142,18
675920337961065473,Sunshine Duddin,1216368,31
5602234722647146575,Sayer Sweeny,1334495,23
3564089452463651,Yorgos Beaumont,725368,14
5602238875355775,Alexandrina Bestwall,1155387,11
3541473585750143,Gale Kinnoch,1891796,6
3557272086406556,Dayle Landal,88050,7
6392901665904142,Zeke Readitt,1793689,7
4175006271033639,Terza Harberer,1168926,9
67065498130125278,Niccolo Pursehouse,1430897,24
5610093187103755,Sissy Kilgour,1492488,22
6771415884873740,Mickie Killich,1585011,4
5602241124240617568,Diego Bancroft,442253,11
3586331070694430,Ivory Andryushin,87801,8
5350440220090297,Madelyn Cawdell,676211,3
4026367566474032,Stevy Swaffield,667293,20
5108759229946232,Mordy Anger,996046,19
5108757841864106,Nefen Iashvili,1853006,10
5602224029996177,Bartel Yann,1879951,26
3562538866207429,Murielle Vain,1241578,4
3587801182956454,Erina Deere,855200,12
347429483882398,Emalia Joslin,1871562,11
4175007224237343,Neron Philippsohn,1478860,21
201911399690952,Shaylyn Rajchert,686945,10
4913961001759670,Rex McIleen,387437,21
3545974544728480,Mollee Heymann,1200744,1
6399402669338489,Benjamen Gaspero,1523938,28
3574094602580071,Martie Face,171153,17
3586639243475606,Nikaniki Gowdy,1797829,21
5152585358873227,Cosette Tulloch,1438874,11
201672282933160,Amandy Russ,1276424,16
561007512643669854,Tomasina aManger,1560122,25
3562536115570738,Mohammed Nazer,1151783,18
337941358181476,Euell Bigland,143244,20
3585496962587355,Ilyssa Haythorne,474141,27
3573325863081156,Rina Boom,706245,5
4405049795159532,Myrtia Fishleigh,437140,26
560223387885255948,Letisha Hub,266281,5
6304670498691575034,Desmund Stroobant,685184,5
5100148445732303,Kore Volonte,1547459,22
3544417833488177,Arie O'Crevy,1743120,21
3566255252812227,Jenifer Gammack,1734073,25
3536325041322684,Jasmin Dimitriev,1512373,4
6333013232301988211,Royce Eagland,53799,9
3568734780118743,Brad Headingham,767138,5
6334713329309753430,Minnie Tunesi,1391225,7
560222451684906530,Claudetta Mixture,262765,4
3562977635930699,Pammi Romera,1698919,9
3584839874755035,Ignacio Yarmouth,1560069,6
5602219380531225,Cathryn Kinkade,1470050,6
6333627799846469,Alistair Jeffress,427728,23
346512369158735,Dmitri Hyndley,310684,10
0604217059585125,Ag McCumskay,394527,8
3537504823293235,Cicely Winnister,763108,3
5020124548861862805,Hubie Sinkin,886118,11
5602240036609561,Wait Rothert,390526,30
3535070663795848,Percival Fischer,1753471,1
30393822719442,Piotr Kleinhausen,1209455,29
4905584906702379,Jakob Connue,1218661,5
4026693927095590,Hulda Roizin,570421,20
5002358623379970,Myrle Winmill,1386370,30
67632841879043422,Sterling Flieg,1004451,1
3545113792555937,Oneida Manie,586897,12
3529694858831411,Gregoor Spadotto,507066,4
4059532984384,Melita Comsty,1370816,11
4041371570311926,Ambros Bodd,1827369,13
6381021253133609,Stanley Paul,1659418,29
3577028710835925,Derrek Beincken,731569,6
372301795669417,Neely Sommerled,646353,8
337941062746788,Kass Pirrie,1839114,30
3575651459109533,Sarene Astridge,1748474,5
3534898259400378,Amaleta Fyers,1136590,4
501846666864631208,Cecilius Middleditch,1775066,18
676787808323175804,Hort Thow,598133,7
6771980689451034,Juieta Mottley,1165273,21
670672276738900011,Bobina Hugk,433726,31
3548976002902611,Windy Ellul,892080,29
3548772686715290,Dugald Wimsett,441023,16
3553669873462318,Cori Penswick,1289549,16
6759504216178971,Maribeth Shilton,1465337,17
0604200095609570,Claudius Guerrin,336333,24
3551626757127468,Shandie Hufton,1319219,28
3587455838022359,Maye Master,736256,5
3529068226435033,Lauraine Lintott,983028,15
5602226170094942,Dud Bilbrook,1001044,30
4587648637538,Thedrick Leupold,373056,13
3578539882351987,Barty Gossart,376317,26
4917910014769339,Gran Ropking,468574,23
374283159174507,Dicky Jeannon,941259,20
3555143866940803,Dorthy Pilkinton,1695117,24
3538351839479880,Selma Prahl,731220,25
3563458898296853,Herculie Cockhill,882672,19
3577813375862896,Federica Matuskiewicz,1016820,4
3544555151762390,Haskell Dell Casa,297023,10
3559584092713660,Kordula Pepys,413625,2
5602248927222964,Carlynn Cutchee,138541,30
3552604928315139,Gordy Obray,527858,1
4041597952092,Selina Hatwells,158807,23
5010126652516915,Adena Royans,749704,27
3588669593377407,Desi Kenneway,1629849,3
3576150329862800,Spenser Woolveridge,1865386,5
3562248318797536,Tilda Doag,901449,7
5602252142629540,Cornell Lynagh,1565668,3
4917785719137127,Demetris Rominov,1260833,15
3559733145896796,Edythe Broadberrie,1136861,27
3542544651432540,Martica Slader,1231677,25
3545474825428777,Harcourt Blackshaw,867148,2
3586139481672956,Galen Dibbe,116691,5
6333625703013259,Sanson Gothliff,1606653,27
5602259075703598,Carole Lutzmann,538503,28
3578968549269011,Regen Hoffner,1486724,3
3539717561059406,Leland De Normanville,1754959,24
4041594565798,Burch Vaughan-Hughes,929852,17
060445196817332664,Hamlen Cammiemile,472594,6
5610674957011755,Rolando Kubelka,648396,5
56104019962552078,Alessandra Dorricott,546139,16
3569396482460523,Rabi Kevlin,1316355,20
5020568778103979,Britt Yerrill,1850551,17
3531708932103716,Dannye Allain,204280,32
201474165119094,Vernen Jeacock,1889978,4
6767659021696060,Waiter Thaxton,30134,25
6759225809913521,Yasmeen McPhee,466477,15
30211748808901,Cherin Holgan,613688,23
3582658951942866,Timmie Hurdidge,1302648,30
3575993049649432,Mercy Lauxmann,1661262,15
3530860548731819,Emogene McCrachen,1349543,15
6759914364952876613,Francyne Robke,109787,13
4190657130204,Cindee Digman,1357530,21
4917536865873316,Kit Knightsbridge,1893019,8
3564685489102103,Reeba Scarth,461195,2
6762794300146719862,Nan MacGruer,1404435,25
3576534252576356,Elli Izakof,17113,3
50202681604544807,Ulysses Deniskevich,170253,27
493676857508763169,Heather Geck,1885336,3
633395460777614238,Nap Errowe,1714257,24
374288086035671,Melany Snashall,1375796,17
3537320627788282,Lenard Saiger,1324764,21
4041375694580480,Rosanna Germon,1632483,27
377054126719485,Willem Keesman,1295709,5
67637263127516445,Huey Lammerich,1429713,13
4913570269121919,Emmerich Milland,1375517,19
3536186375715871,Norton Dominico,336632,30
67639584484655304,Cecilius Klauer,565219,26
5368115613185819,Cello Crockatt,1044833,6
30160110835291,Hieronymus Dunning,1271235,29
5196129649044914,Janetta Buckleigh,108375,23
3553232049290392,Claresta Hetterich,1666348,11
6762489982296212,Chrystal Lenglet,510000,29
3543787999317910,Rory Larne,233734,5
4415625709809,Jemima Sandercock,1696333,26
4026040758707085,Wright Tyne,1192120,18
5289969338150151,Evelin Crayker,1383325,31
5602224542707788,Beulah Whopples,1700002,4
5602210975977063,Vergil Matiebe,1050457,4
201733884207070,Maury Deinert,1018569,3
4903839754185339,Patsy Oehme,928292,16
6761668979557044673,Marna Smellie,695937,6
30028700092872,Keane Dashkov,1692492,32
337941756195722,Justin McRonald,498105,6
3574697344858454,Keefe Corbin,1236798,19
3544887269286768,Paul Nisbith,1315583,9
30589239064112,Chilton Camings,904889,4
3565442212655364,Blondie Balls,1631931,21
633434382043625728,Celinka Lodemann,676186,13
5602252987887872,Lenora Jimmison,1577505,24
677109504323975868,Forest Crome,202267,18
3545070840411564,Harriette McGillreich,815653,22
201882711415388,Ysabel Sieghart,1880415,27
3587475006539968,Deonne Eastwell,490444,29
3535226013022594,Justen Ebhardt,1732318,1
589389365384358362,Hewet Wilgar,200708,12
3583368814611000,Harris deKnevet,350802,11
5100172761812838,Allene Vasyushkhin,645783,12
3557164124365011,Cordell Yarrow,1693171,16
3551558876543186,Bobby Blois,1496522,5
3543156613980356,Amandy Thorbon,1821762,23
5018191917891213747,Jonis Mouatt,754430,9
374622191496131,Sheree Parkeson,1675438,14
3541478117851566,Larry Kingstne,1596428,17
3542595762332086,Herculie Vallens,1224506,7
3562931079433215,Joycelin Isard,79240,8
374283780832747,Hoebart McCarter,805473,27
30340149839429,Thaddus Rowling,766071,4
3579437773802292,Patience Deek,172179,25
3532327442816904,Terri Owlner,1032828,31
3554313337217906,Kelly Schelle,863716,26
374288188422280,Heinrik Haughan,1886669,27
3531433139749886,Moyra Marking,1859553,15
3583839801372806,Elfie Macci,82993,16
374288145788989,Kellia Noble,329589,15
3533385478268662,Abigale Millis,163090,11
676785434077260080,Rorie Badland,1072100,13
3574940103277734,Averell Pidgley,1650045,27
3556155490828211,Broddy Mattheis,706595,5
491138765603646112,Aggy Gillman,1127072,26
3563828356929940,Derry Wheaton,521995,5
6331102841873772,Idette Bardell,892792,27
4397730284009946,Davina Adamiak,809674,17
3582892781782784,Nona Danaher,1197684,24
374622848903067,Ami Beazleigh,1485278,18
56022205092188045,Ed Toomer,1869791,13
30095545832259,Jewell Outlaw,1328146,12
5523875762412478,Ario Marcinkus,200813,20
4041372685434074,Kelsi Pentecost,957084,29
5602239971595439,Rodge Benzies,1776076,25
3550796119028687,Lewiss Cannings,683531,8
3542633870158091,Neile Carlo,35733,6
493664700846139482,Dianna Rhyme,432341,7
3589898129695656,Olivette Larter,60253,14
67711476616506300,Bartolemo Thrasher,1050732,14
374288168240744,Jerrold Bleaden,220433,5
201881790469878,Shawna Noon,839457,14
3553180245404608,Farlee Gatland,1534122,11
3531921418538475,Osbourn Tampin,1584337,16
3555664756355307,Amos Pablos,470978,17
3546813585454300,Ginelle Swadlin,1575926,25
3555562535251559,Andreana Buist,156301,10
4913396613563691,Stanislaus Kelloway,1786451,3
3562128331033574,Geoffry Cellier,279201,23
4911155548663480171,Glory Goulston,1817205,26
6333079840731120519,Clare Stair,334379,21
5160662089585766,Remus Bellon,27253,11
3574995408177328,Jasen Guilford,487104,1
3548577136743234,Scot Durran,1226399,26
5602215669168697,Tobe Baggarley,1833112,19
4913226296643660,Myrtie Lockyear,1720399,13
3537385323676073,Robb Bastow,1055138,21
3535451316753782,Wilbur Farnham,769802,13
5610610659170259,Nancie McGebenay,369198,4
3531148748789418,Ezekiel Jobson,857721,27
6384277046298367,Sonni Minucci,1715730,27
5002359683800582,Datha Dat,1082251,28
4026233571166114,Jared Warbrick,1778447,11
3548572102953396,Elberta Heckner,1035352,22
4005022068546721,Lazar Ogilvie,606830,10
675944812595420411,Joann Ravilious,1831724,12
3548236537768791,Artemas Vales,829187,9
6370388906534696,Pedro Giddins,325987,11
3541646831097654,Ulberto Juniper,1765469,24
3563592531312394,Yves Goalley,1782658,27
3579182128677235,Robers Broddle,192976,5
340915687792166,Vic Scutts,1379813,16
5320983864549562,Aeriell Terbrug,1729048,16
30277974352419,Rudyard Golbourn,1317738,15
3570738158940055,Ansell Pickover,1480319,11
372301981625918,Valentijn Kingscote,684451,28
30144146414511,Iorgo Jouhning,1434738,25
3537356134675646,Nessa McKeller,662013,22
3539600990498553,Britt Aronovich,1771729,25
201828420350739,Chev Fusco,1360864,4
3540871110521650,Garek Cokly,1882800,14
3548404278394801,Launce Mignot,1688497,31
3583928571311324,Davidson Van Halle,1718038,22
3556184854506817,Elwyn Benedito,627813,31
4936715951848666815,Saunder Edwardson,745456,2
3530170271533329,Reinaldo McRamsey,1188185,6
6759893293701800860,Thibaut Kubatsch,443608,13
4917312535533668,Agnola Simms,891096,11
3563980178019721,Willi Ahern,457936,30
5100136013445309,Denys Olivo,1392775,8
670671989289231690,Ruby Windus,1124972,8
4508788332277515,Yul Doick,242464,2
5038146836085999,Lorne Stormouth,270277,5
3556583466979645,Leopold O'Currigan,797384,28
58937660704853693,Marci Scurr,659257,21
4844679584049715,Kai McQuade,1059254,25
67092150897208352,Enrica Dominichelli,603039,5
3532079225558134,Artair Heam,349155,12
30117755436611,Terrell Mansfield,1543311,17
3551324363737470,Raynell Broggio,520832,19
3557610463660537,Gerti Vernazza,1452868,4
3587639194751558,Boyd Tassell,345024,19
3538900995782253,Violante Tavinor,1299927,22
201845835970471,Kellby Waldie,134089,25
4844125055636895,Christian Halpen,1536562,12
3583417988553322,Derry Treace,1185992,22
30351082566663,Baxter Twinbourne,1158322,19
3553170126602131,Lynnell Minget,201101,6
3529772319408894,Roselia Albrecht,1244278,14
337941569518151,Hastie Brookhouse,870106,18
6373075295016008,Rubina Tudbald,669976,24
5602257009686061,Reg Lefridge,528643,11
5295278015503621,Lottie Gurery,1015558,3
4844665496817778,Gillan Strelitzer,1281925,7
374283040681835,Kristan Kirsop,1683439,27
56022428918859231,Rip Dayer,824969,19
5641827170014096,Loralee Cankett,1252705,20
5002355818778891,Talyah Chaplyn,506757,7
633380101901971899,Ludovika Kiley,1630429,1
374288506867406,Norah McVee,186249,3
374283289924441,Avie Garcia,1701432,14
4017950778244524,Berkley Spadaro,1362841,16
670976317019869419,Camel Fridaye,227123,13
5602223336147144,Marijn Annakin,1534632,14
3553445824919049,Modestia McCreagh,1889212,10
3569870413076335,Kimberly Glamart,402875,22
6397536709253331,Vivyanne Zottoli,748815,24
5602256723212113,Windy Sorrel,1165185,25
3547763489065299,Krystyna Langrick,1349834,25
4041373980802346,Barbette Scalera,835962,19
5893153896583456313,Cherilynn Tellett,17160,10
6771383347159701160,Friedrick Quinton,751259,13
3567520957755933,Winne O'Kane,438258,13
30041971080161,Steffie Langrick,858013,26
3544327448926141,Matthieu Beringer,1232400,10
3587487058204144,Filmore Duffell,1785426,11
30406945233172,Lulu Braban,1544982,10
30421555094483,Matty Mountney,1106122,23
3536966639770139,Dulcine Paddemore,515560,29
3556350919342015,Teresa Keays,21522,1
3577438891261793,Lindsy Silverton,230433,13
4917533451793602,Marcellus Longland,343806,9
36929768053702,Claudetta Yard,724561,12
6762887325240416071,Basil Fullalove,1012296,10
3542868733433998,Christian Causier,1864807,31
3538164303757248,Melitta Youngs,404977,7
3554745290030133,Janella Blum,1342391,10
4026747145803001,Issi Matches,371642,16
560223218141476657,Donnie Cottie,897581,7
560223864693746565,Orville Howis,1523504,1
30085208324579,Damara Puzey,1254755,32
5038281945702612,Dell Halfhead,504022,31
6390063138045045,Reina Bradnum,1137220,12
4041371473224,Bond Drynan,823363,26
3562607882608942,Casey Stanyland,1073276,8
3582450740421919,Jere Horstead,104734,15
3574605315648499,Jolynn Vanyard,59994,19
3580422439950757,Elvina Chesson,316994,27
201527733019052,Ernaline Salandino,1538734,22
3582682032259603,Maegan Batchelar,767722,23
5602236129109138710,Johna Oldford,578133,3
3550822414742572,Irvine Berthe,1343689,10
3558894100706809,Katina Keaysell,1418037,1
30330748623597,Jabez McEneny,760914,26
4994585049992,Tasia Pollendine,594427,32
6771755750897400,Brittni Moggie,469528,4
5602235203494912,Lorine Given,1477069,32
6706808848877379,Irvin Vigars,106192,2
5602229065030856,Mariel Barratt,1448636,7
3558433597227142,Danya Devo,323045,29
3566279949293948,Chrissie Paddon,356829,15
63042868382305033,Holly-anne Matzke,910044,23
201951453316516,Arman Reville,976053,6
676346757514833024,Stillmann Caudwell,1663731,27
3556195385832886,Dario Bescoby,1625459,26
3536979190991945,Karyn Wilce,1216634,19
3563673390441100,Jarret Stenners,1315239,17
3570388390972365,Jorry Fairhead,403135,31
374622616671086,Amerigo Weed,100443,25
3543133514586541,Shandra Jerams,43675,5
201696955237575,Diann Carme,792090,27
5610056570146871,Teddy Le Grand,1318421,1
3530171756305092,Jenn Jenney,1010410,30
5602229151784978,Kimmi Torbett,580537,27
3575847032720560,Brandea Bohlens,73308,15
3587810614349782,Nixie Tonsley,1876863,12
30006991127961,Angelita Wyldbore,1670503,30
3581135422020763,Florian Iddens,1637013,11
3528811468014300,Pierce Palmby,1385708,29
6706854378311348,Ninnetta Snellman,660128,26
3579485698409735,Ettie Purvis,595772,30
6771555960025853,Shelden Follos,1692805,21
3586350100918809,Nada Overstreet,1058858,10
4405060541473705,Rainer Habeshaw,1063682,29
4844821556373091,Goran Carding,1158166,25
675942862735597943,Margaux Porrett,325045,27
5602252299850147,Fredra Marling,714523,10
3559866298104186,Lyndel Woloschin,1136773,1
3571202707922154,Aloisia Peyto,184845,23
3555045714366612,Ninnetta Tournay,1699152,30
6393641768730643,Kamillah Giblin,334214,4
4844644021444689,Egon Giovannacci,1729851,3
5610671383622262,Emilie Sudran,927867,29
5100142534563885,Iseabal Salvin,221429,25
3579672284749943,Tomkin Gorghetto,102198,26
30391026062056,Faunie Ferroni,928806,27
3585826376668757,Edwin Mouland,1382309,30
6331106986523415,Horst Rofe,698845,1
3536511278468858,Stevy Gustus,314758,29
4041599491909853,Tracy Rupert,649121,13
337941714876215,Heall Ardley,597120,2
67061347364676668,Colver Slessor,728254,5
4913999735520125,Keeley Bywaters,73230,22
5100148674184192,Tabatha Oneill,1795467,3
3545665936420716,Andie McKeefry,1859039,20
3528530951689861,Brianne Forlonge,806654,21
3551478182342860,Karyn McDonogh,760751,10
3550390100612285,Jackqueline Benz,1588627,24
3531910511945331,Ibby Neising,155334,32
3566599876381972,Cletus Caitlin,393282,4
3553383237185892,Adora Martinello,1492615,29
3588376096552508,Josh Hairon,330124,3
5602227600606115,Toma O'Dennehy,338509,12
5007665659019865,Emlyn Lanceley,583808,12
3573737687793198,Eleanore Horribine,1207480,8
4913526000328684,Starla Vautre,73542,12
4917820425337131,Ronica Bunning,1092816,26
677132402133580195,Tyne Poat,588954,28
3558690710111137,Crystal MacLleese,1081223,3
3533947075822520,Haroun Marlowe,321576,22
3564176660073149,Lonee Steptow,1660131,13
30589307148128,Mahala Gingell,1699538,14
6375083844297697,Turner Spaxman,1704959,10
5602217933071905,Carol Minett,1525004,9
3561590628086196,Michele Wegenen,24039,17
5602224878590915,Averil Michurin,1220358,31
3532272698045446,Gareth Abramovic,1377923,28
374622004156054,Haley Marchand,1842762,12
3544207526913882,Dierdre Cookes,1140618,28
3529987830910109,Felipe Gudge,1199356,13
589353939348194477,Nikolia Brun,1509234,6
5100142672883145,Astrid Janovsky,1263822,22
3564525259261947,Carita Skelhorne,1271052,6
633110567135415167,Seward Filshin,740567,11
6759045161795787151,Kellby Skeemer,1844045,10
346047982954392,Cart Frankis,1701858,28
3550849176366472,Durant Butland,1045180,29
3565892896569283,Iain Geri,1758883,2
5100138399996418,Devlin Loughran,674177,22
201496090202984,Evangelina Denington,432712,5
3570939736012157,Alli Chubb,547657,3
374622414420819,Morten Cabera,1700608,26
560222009734803493,Anabella Seabrooke,196162,7
3579202119425061,Dionisio McLeary,870571,18
3562183004423875,Calley Vuitte,1876366,16
6304250646813551,Manon Hazeup,495762,12
5602210957479997,Moishe Ruddle,1693881,3
6759783788940097,Denis McLeese,468776,11
6374227022177632,Brenna Morshead,90786,4
493604560671184521,Jessi Unstead,426986,6
201700560822662,Hoebart Dymock,988181,3
3575741131842583,Nollie Cliffe,588985,20
374288885094762,Lexi Vincent,726977,6
3546671325015223,Maire Cartmill,1530554,6
5002353871607313,Ilsa Sultan,1010281,26
3543769708283765,Terza Fearnley,1012196,8
6759520107510286338,Esdras Hempshall,590827,8
5108754738219189,Elsey Wavell,834998,24
3585788515029038,Keelby Pinkstone,1723821,24
3568142251091144,Lucinda Kelmere,772041,21
337941466970109,Cirstoforo Meineken,1832475,24
3579203788576093,Den Eskriet,436166,28
0604928498465667032,Rouvin Kemmet,1509797,32
0604569481132624671,Ezmeralda Strickett,1203117,15
3540620897718884,Morlee Tonkinson,1703273,17
30284294022383,Mile Hutchcraft,1028691,21
5893208795967361,Maitilde Stranio,1214695,15
3570021070196399,Ede Vickress,1597050,6
30389283038751,Jordain Humphrey,83159,10
4844838033847620,Sigismundo Winfrey,853145,19
3537249226543279,Zachary De la Feld,1434943,13
347695430308576,Kerrin Bourner,1859706,25
4905739260380472328,Griffith Smail,1319280,28
6331108594033308,Maxi Hawson,766942,30
3574890636068722,Morten Knoller,999836,27
201874909790995,Maryrose Crossby,1392362,4
3563612928866024,Hillel Ibbitt,672063,17
6334052690974949,Barby Nitto,1526132,10
3589311677683751,Rurik Hounsom,1461756,28
3533133179430979,Levon Watterson,1121194,11
3566321113007132,Carlie Openshaw,1782045,5
6372756322248141,Klement Giacomasso,420212,1
3534699403683582,Germain Troutbeck,575341,11
3575913335607225,Manda Joust,172766,26
30478767979547,Emmalynne Karczinski,1026317,9
373088068628472,Brigida Gowry,1365898,26
3587711680910236,Daron Reignould,822524,17
30382816503326,Vincenty Plaskitt,1220562,16
3543251351613762,Broderick Ingrey,1394349,24
3572449641668737,Paula Ibbs,1770835,9
3554505225297698,Alethea Como,1843349,6
3572869254729882,Reinwald Calbreath,519757,30
3558124863986467,Rozalie Pendered,1735908,24
3571484762761319,Darcee Zmitrovich,180507,6
3579628911294109,Lindsay Twort,748491,30
3564094413454880,Malva Rozet,1591114,13
502038724050649058,Lynett Kenzie,1664631,16
67714169032322983,Hasty Meynell,357038,27
633110330289261774,Frederick Taig,1041738,31
6706276459305409428,Shea Saffrin,789329,27
4026196034942027,Zonda Poller,1000703,2
4936890301678756,Vite Prosser,218422,23
3534625635773156,Faye Cholerton,1284931,8
3559702438889628,Mohandis Bossingham,336489,11
670954456288436025,Nickolaus Hammel,440273,22
6333313073418713648,Padraic Bebbell,1810443,18
3551883121240143,Tamiko Shovelin,1261656,21
30215600533473,Janessa Dunton,1896767,4
3543631017735309,Flemming Behagg,1630508,11
4120789672815,Duff Heading,795650,29
374622218396819,Serene Thandi,612715,1
3543474087146077,Robinett Perche,1559776,21
630405704152324291,Addy Haldin,832801,12
5554732455356771,Olag Quaintance,1666925,17
3547504487397403,Hallsy Renn,1743774,10
6377896757989820,Gretel Flawith,576976,25
5007662509017652,Chanda Christopherson,377428,30
5020541149795255367,Virgie Shann,683745,24
5100142556348819,Nikita Bickerdicke,757999,10
6333485479762971,Nesta Ledgister,428426,18
201423383917698,Gardner Astall,1739136,27
4508253530801905,Lexie McNulty,1360647,17
56022304629995392,Hortensia Temlett,1574984,1
344966116334001,Anabella Keast,1139307,7
3556136704162225,Judas Malyj,1154418,8
3566244865591451,Talya Bougourd,885417,4
3530757857003527,Janessa Rays,330715,6
5020210626737985,Erasmus Streak,1539288,22
3531408083293545,Cyndi Coulthard,1301589,12
6331103072940470,Vannie Quilligan,1842815,25
3538043170281708,Gayle Corker,78545,25
6762835015244196471,Pieter Abdee,1214936,5
6387633829988839,Alexina Pyser,827679,30
372722681010996,Blair Molesworth,394388,27
5602240493516937,Kerwinn MacKellen,786200,31
201783481484762,Elsa McLemon,1292769,15
5602223526347777,Abbye Ordelt,1295813,6
6304439705440105562,Wilone Farherty,885417,18
3550406346362855,Pennie Onions,222099,16
3552179820808317,Allina Burehill,1807899,29
6763761289095867250,Meggi Scanlan,190375,9
3581981614864074,Quint Trenouth,466402,11
6767822780669078652,Marijn Shugg,1501867,25
3546758969083631,Natalina Healings,1810363,11
3576384855142796,Abbi Debrett,1343137,28
3582075177410943,Casey O'Hickee,37886,25
3553609842681226,Loni Smewings,1189103,7
3551449326987605,Laural Oxterby,314518,20
5108758244623339,Johnna Maris,73830,3
5602256360650660407,Brice Whyard,820799,25
3558784717342777,Larina Sollom,36380,19
3584479111139980,Buiron O'Cullen,968469,31
4405851199007088,Eleanor Coate,414544,20
3576420131485391,Hank Fealty,1425658,4
3541038023755077,Darcee Duny,1465917,22
3554948415628464,Muhammad Iddy,492558,11
379235634066935,Rooney Golley,453654,32
3558067360495500,Perceval Parysiak,211377,22
67616673353822488,Kirstyn Merioth,632443,11
30116219440904,Bard Postgate,940185,9
560224072495258248,Valentijn Munnion,946145,15
5435796846476098,Kaitlin Holdren,819014,4
5100142073708669,Maxim Cinnamond,1249856,25
3537966775778457,Lowe Wolvey,1709556,1
560221234399896852,Bonnie Chater,65641,22
633397917101980864,Melamie Elphey,1423165,11
5641823780502059,Adore Angric,1259563,6
4911998823526335,Desiree De Minico,949873,2
63044780265721616,Johnette Farndon,81159,10
4041598051456,Gleda Chopy,479585,24
6380624855530584,Idaline Pennino,1101874,28
4387942734861,Kenneth Normanville,884117,10
3570015730198324,Glendon Scoyles,424386,30
633110481626842394,Tiffany Melby,114905,30
4917628824100103,Caryn Gyer,1822905,13
5602243550965294,Brian Gilchrist,746345,17
6304654608316071496,Desmund O'Sherrin,611333,19
5002350537856797,Sibelle Surgeon,327644,8
3544658730629773,Lane Bosman,698099,12
5468118541843664,Corinne Seger,316698,16
3567366766550051,Harmon Nollet,23213,4
3570751109439259,Timmie Brosio,1301284,13
5002358863000781,Wells Bordman,621651,7
5002358983745786,Ruthy Gregolin,1391593,22
374622888074571,Mikel Maybury,334431,12
3587463848250713,Roger Kellert,1502217,31
3531366234815956,Jocelyne Alvy,714031,28
201442839297703,Willette Cringle,884951,32
3550859216693249,Evy Baribal,1685618,32
5293485139761082,Pancho Nolleth,76066,18
6759369286303689,Derrek Terris,1833187,24
3533969595472024,Axel Chanson,1765025,6
4026068333337417,Kev Cohan,1307603,12
4917988527357842,Nettle Geertsen,1395238,27
201787463365840,Pryce Screeton,1073442,22
374283203958954,Aurie Robjents,483146,8
6377247749332234,Ilyssa Greenhaugh,1159957,12
5490905252121823,Ezequiel Flay,654423,5
3570855009619744,Peyton Leete,1255401,31
5512375620352266,Gabriele McTavish,1706251,6
337941560155888,Judie Gilburt,378502,11
201708590072521,Knox Knewstub,84463,10
3535233715534330,Skipp Purton,973887,30
3546452585510009,Brock Pigram,1059940,21
3559640057977375,Gardener Edeler,708118,14
4508597045095423,Vanny Blackaby,775871,32
490347167714449396,Dre Jenman,1253873,19
6382185973533593,Rickert Piercy,920569,29
30497952740217,Ki Ducastel,1374581,27
3534852403805321,Umeko Tolemache,1809322,30
3528018279069297,Jeffy Meah,1859475,20
6331109206493039,Chrissie Cluff,1270540,9
6331107383370408622,Lionello Sieur,899117,16
3562510357271602,Ezechiel Dockerty,671111,25
3544178930078325,Reeta Bimson,1159201,23
30337113274112,Trenton Speight,192466,17
3573918337079705,Trefor Sherrell,367834,32
6763877587097861,Terra Houtby,1728834,24
36321087503486,Randal Tytherton,128933,17
4041599099978995,Art Blint,1335020,9
3574422836276069,Rice Vlasin,967153,32
372301266518705,Christa Bellany,1190783,12
3554171246976586,Franny Fontenot,1047154,28
4017951642915935,Grantley Varah,260819,9
3583749277073939,Avril Bodega,88597,21
3557925523331808,Deane Meachen,1686471,25
5602231720795074246,Martin Ordemann,1829582,26
6304242070386620794,Hettie Vasyagin,961360,13
58930100566851797,Thedric Custy,1040784,6
30203865259901,Raleigh Deery,753250,4
3544512472542571,Marje Asipenko,344874,21
630421245955770116,Doro Scudamore,1703305,6
3562232839900175,Amandie Sleight,1407549,12
56107168048158942,Amye Beetles,1464926,5
348682961216245,Smitty Newark,1563451,5
5265862403225495,Blancha Boulden,1554422,17
5602217862874808,Tannie Blackler,892923,1
30381053374565,Cassie Myton,325589,30
6398615898426830,Garvy Kennham,129369,29
344993829492488,Frederich Krol,546398,24
3587235073963370,Drucie Caldecutt,1081099,7
5893081374674504,Napoleon Gissing,878623,15
4905969364657362559,Gorden Pond-Jones,1855472,13
374622197029076,Kienan Punshon,48782,23
372301786164659,Alano Danielsen,464896,24
3557378403680888,Toinette Durdle,702321,32
493687040581899997,Erhart Venediktov,145993,16
3547365654823856,Clare Daughton,554044,32
3570643717724901,Milli Harrowell,29368,2
3549116943762274,Brendan Shirley,346998,20
201766157133441,Mahala Regler,27025,26
3575465278744317,Charyl Chidwick,134472,24
3583504248591406,Saundra Mandifield,376355,6
337941579131649,Norbert Prendergast,1519375,20
3568743520184105,Erinna Shurmore,1406452,20
6763252531462557113,Roddy Pinckney,1737557,28
5048378463236631,Roderich Hannan,103354,17
6709873280538324,Dewitt Slowgrove,346082,1
3536727628548716,Augusto Floch,1254176,19
3552582077412495,Gipsy Cockshott,302643,1
4913829631422797,Baryram Schwandermann,1877343,32
374283580685238,Joya Bogart,1204849,19
6331103379749959562,Godfree Guslon,1624745,25
3528522770116820,Karlyn Snowden,959639,30
4917345164020482,Demeter Creighton,395543,3
670686606416274749,Giacobo Regnard,1436216,24
4913044112278862,Yettie Jennrich,1761196,1
3541327760800943,Stearne Rickaert,1629891,28
5038258623458595447,Yehudit Rivelon,942428,28
374288629520767,Shay Sympson,100452,1
3564811720420365,Bentlee Hancke,176387,29
3582424962804755,Nealon Gillingham,29378,8
3584997642403112,Pernell Waite,97887,10
3588929513946727,Merralee O'Murtagh,673121,30
5602233907177263,Lotte Canto,60673,8
3585691038647874,My Bouskill,534037,7
3579040558624012,Esther Chattell,353070,7
589396032823199556,Verene Pankettman,1129277,20
5549694222417906,Burke Tebbut,748310,14
6709003736978094,Erma Hartus,1729182,6
490304694897612061,Augusta Belliveau,57950,8
3536991925712710,Darla Gawler,518977,8
5010126642865810,Suellen Barneveld,607677,4
6393614804022796,Haydon Lindenblatt,1369089,31
3584329841874051,Kalila Philipeau,1805951,23
3549646020833333,Veriee Carek,495433,25
374622091153675,Maria Scotter,654619,29
3573457986095720,Jerrylee Raimbauld,642512,12
4041377217468,Junina Helder,837641,1
201750611687978,Adriana Imlin,761624,5
3549657761572121,Devlin Rudsdell,1182943,12
67637220976251920,Gerrilee Stickins,24499,1
30245122580363,Erinn Crampton,833063,25
3565300432786759,Dory Tabb,1483999,19
5602247088957053,Shelia Vallantine,1177976,21
3584686598620858,Andriette Poure,1861733,19
30015447242357,Silas Garlicke,1549186,8
3557451928988340,Nikolaos Dyble,308140,26
5641828775669896,Della Tatlock,1741505,3
6706538279151412,Ruperto Sleet,815613,18
5100178920088780,Syd Dutnell,1651584,14
3555062124682249,Annissa Shane,1524707,16
3579661106462371,Cymbre Cawte,136520,26
5048377762362908,Kele Cases,435800,21
6759492221731559540,Hyacinth Tagg,130621,16
3576352486947891,Harlen MacCosty,1090604,11
3536445862110362,Rhodie Sudlow,124620,32
5108756572179932,Druci Spellar,496074,11
3551546852384634,Krishnah Cornthwaite,707304,24
3584408201837211,Walliw Hansill,1435976,26
3578008163878936,Simmonds Gaine,275269,3
3564255873008751,Felizio Chessman,95566,18
3538828026120088,Elizabet Silberschatz,306285,11
5487859033225558,Wildon Covolini,1166416,15
3553663038474037,Willi Posnett,1013130,12
3569510531870926,Idelle Rhoades,1171062,13
3544075737976505,Gamaliel Fortye,188116,19
3548052590171835,Phineas Leethem,755395,6
3534902348452851,Idalina Belin,548732,19
06042635865004907,Glen Andress,138873,11
5602257246084740,Bernadene Bayne,1075080,6
3530829212179126,Nedi Scripps,1077093,1
3542512939020163,Archie Scutter,1111728,12
5038570527437328,Yoko Gittis,1208078,1
4905221628633338329,Vivi Cotter,68634,28
3550302779669470,Godart Prescote,875780,8
67633530702503178,Reuben Riccio,99885,18
3528385140304629,Meredeth Sandle,1339571,9
56022403380537128,Tammara Stoakes,747321,16
56022597107810666,Gregg Claisse,1480495,30
3537876791148124,Graeme Passler,1632684,8
5048379821742625,Baird Gordge,333947,2
3566597773165829,Trix Coffelt,1176158,4
3555291279319709,Gannie Cardenosa,923740,8
3536252557082017,Hedvig Maudlen,1589248,23
374283130148984,Wyn Eslinger,1198881,24
3571008740969049,Irita Fronek,1608510,2
4405608643650214,Flora Kubiczek,387521,30
630406163011343316,Hattie O'Meara,185339,15
5002352141587305,Rolland O'Spellissey,1881913,7
3575830323829498,Jana Konertz,346872,16
67616991492549527,Wanda Tardiff,597162,22
4903305492304145,Dulciana Ferry,903472,4
3569817682311364,Jinny Kelledy,1896659,28
337941444785868,Rivalee Zwicker,1837342,26
4905276140234307,Selestina Endacott,1170023,13
3545867871070593,Douglass Gammage,1400440,27
676208391751716051,Travers Rowena,318625,4
5610098641457713,Corny St Angel,39880,26
3575002603381307,Barnaby Shepton,1675071,14
5100173607170522,Alford Kinder,214959,26
201915018468252,Zed Bury,776038,9
3532300891579505,Teador Marian,893609,13
4017953796851,Katherina Clemenzo,1107047,32
6767763074428996284,Merrile Gennrich,914543,2
3577774197549147,Omar Roseburgh,21595,8
3539826599598416,Ardith Demeter,641696,32
3538737769133382,Cherianne Tattoo,1282823,23
5159653295769156,Codi Bartlet,1199619,4
4041379366008,Gene MacPaike,1486877,24
374283003531670,Madel Binley,838463,7
30355333472126,Madeleine Itzkovici,1807716,10
3548832611279729,Yurik Methingam,790825,32
6333284761475230,Godfree Peniman,43052,18
5602253495401065,Bank Vakhlov,1364932,32
3583796680549732,Thaxter Menhci,306762,8
6380534218093727,Hildegaard Rolfo,1800070,8
5100142991288901,Bay Loffhead,1729233,21
3551551435117329,Ed Sill,1136512,5
67095515501534368,Culver Abbes,931520,8
5010121021675351,Jessie Tremblay,1208083,30
3561110276710763,Jimmie Lewens,719259,27
5108752655394332,Glenden Dutchburn,1813221,30
