nombre,puntos,conocimientos,clave_estado
Skipp Kornacki,2196,IBM Utilities,18
Lawton Lezemore,2534,Geomatics,7
Gerhardt Adrian,1128,Workplace Violence,17
Michale Sabberton,2419,Snowboarding,5
Colin Bowler,1983,Crisis Intervention,8
Dougy Revening,2382,Geological Mapping,3
Tiffanie Freke,2375,Curriculum Development,26
Clarance Hansen,2917,HSPD-12,14
Ned Comber,2017,DC Circuits,28
Kin Benardet,1197,ZoomText,15
Conway Stilly,2741,SSO,6
Spence Cordy,2210,GFP,18
Glen Satcher,1777,FSMS,10
Jimmy Depka,2456,Drafting Agreements,29
Silvana Cheyney,2867,Data Management,9
Darrel Treace,2904,DTI,2
Brian Burl,1812,Small Business Development,1
Ethel McPhater,2456,RTDS,27
Adolph Oolahan,2678,Pipefitting,27
Sergei Fomichyov,1698,Typing,1
Tab Corringham,2312,RAN,6
Sheri Phizackarley,1971,RC Detailing,11
Morley Murdie,1673,Overhaul,25
Lulu Olin,1125,Women Owned Business,4
Bartram MacCostye,2477,CPE,9
Emelen Deas,2267,Yardi Enterprise,15
Lotty Elfitt,1949,DVB-S,31
Berrie Binnes,2168,TLM,1
Jada Izard,2644,XML Publisher,21
Pippa Hailston,2175,RF Test,13
Lula Whitehurst,2570,Legislative Affairs,30
Annis Newbatt,2232,E-zines,32
Deerdre Paty,1327,Evangelism,29
Waiter Glaister,2328,Glass,27
Blinni Joslyn,2641,MM modules,21
Tom Scogin,2185,Siding,27
Gwennie Leivesley,1616,NFC,26
Luther O'dell,2965,Oil Paint,25
Husain Tanton,1716,Kohana,31
Boycey Applebee,1730,Volunteer Recruiting,26
Flossie Keighley,2422,SFDC,3
Ernestus Forker,1804,CVD,22
Griffie Belly,1031,Kohana Framework,16
Cassandre Laycock,2486,Cfengine,31
Katerine Platts,2873,Overseas Sourcing,17
Keslie Orum,1249,PDMLink,18
Barbara Methven,1283,NHPA,29
Konstantine Haggidon,2443,Lyricist,13
Ardyth Linder,2309,Events Coordination,5
Arielle Ebrall,1290,CDO,28
Gabriel Pethrick,2646,Tourism,17
Latrena O'Shevlan,1301,Cybercrime,21
Carola Camies,2609,Gospel,10
Aretha Simonassi,2728,MS Reporting Services,23
Emily Ballsdon,2690,ICD-10,32
Base Kores,1068,UAT Coordination,3
Andeee Dobbing,1490,Aesthetics,24
Adora Jeckells,2950,Personal Training,18
Leah Norval,2647,Tour Operators,22
Becka O'Keevan,1029,QML,9
Jenica Bothams,2684,Urban Design,6
Felicle Keepin,2279,NRP Instruction,18
Holly Sorrel,1156,RMI,18
Curtice Sperski,1396,SnapMirror,32
Hana Pavelin,2056,IASO,18
Bailie Hefford,2909,Metro Ethernet,20
Rodolph Burrage,1401,Simulations,16
Siffre Braunle,2556,Project Planning,5
Clotilda Greenhouse,2189,Numerical Ability,16
Ethan Prattington,1156,MCS,13
Brendon Baldoni,1960,BC/DR,10
Lory Menlove,1582,NPR Report Writing,11
Irvin Hubbocks,2587,EU Law,15
Corey Manoelli,2113,Object Oriented Perl,31
Thayne Wildin,1939,RTP,18
Elmo Kilfedder,2343,Start-ups Management,2
Ardisj Broadway,2514,OmniGraffle,5
Grove Bellworthy,2311,ERP,1
Pacorro Bettaney,2013,Aerodynamics,13
Clarine Trays,1915,DFSS,24
Therese Akehurst,1947,Pyrography,18
Tandie Carlill,1329,LDAP Administration,24
Isacco Pigny,1885,Basic HTML,10
Leo Mecco,2083,BSD,19
Deva McComish,1993,Mortgage Lending,26
Alene MacCoughan,2861,ITIL v3 Foundations Certified,7
Sofia Fuzzard,1047,Freelance Writing,12
Delly Renyard,1305,MCDST,29
Sibeal Schrei,2618,FMCSR,16
Marc Moline,2652,NCSim,11
Zack Schlag,2461,Multi-channel Marketing,8
Adriano Presslee,2775,Pivot Tables,15
Miquela Sizzey,2781,MMR,5
Bidget Mugg,1192,OOH,5
Reggis Baldazzi,2948,Legal Issues,11
Lara Chalcraft,2868,Horticulture,19
Leonid Hayto,2725,Urinalysis,5
Karine Hanniger,1552,Utilization Review,4
Jo Vasyutkin,1185,Women Owned Business,2
Jessamine Westcarr,1245,MPR,22
Estell Correa,1239,Cfengine,27
William Truse,1855,Career Development,30
Ulla Drane,2173,LPI,15
Karole Methven,2922,Medical Education,25
Gayelord Egell,2083,MRSA,14
Gilberto Riddett,2036,VXI,10
Vladimir Jackson,1497,Grief Counseling,28
Killie Dudny,1519,Agarose Gel Electrophoresis,2
Kipper Latchford,1155,RSVP,19
Ardella Stanbra,2139,Tcl-Tk,30
Delinda Dumingo,2129,Fluorescence Microscopy,4
Ida Shitliffe,1495,Requirements Gathering,3
Randa Ogglebie,2884,Digital Marketing,26
Carole Suttle,2436,Insurance,21
Meg Saull,2449,Japanese Culture,15
Berkie Mullen,2035,Financial Services,8
Lissie Wallage,1977,BTS,28
Orella Nurse,2524,Light Rail,1
Laurette Hempel,1582,Ubiquitous Computing,30
Tomasina Chiles,2850,Tds,9
Galven Sex,1379,Dreamweaver,21
Frieda Rudsdale,2927,ASME,26
Lucina Bolgar,2545,DNA methylation,28
Stefanie Pleming,2093,NCSim,23
Harri MacTerrelly,1847,DDoS,21
Rollin Dilks,2201,Food Processing,29
Tandie McCadden,1914,RNAseq,13
Garvin Murford,2587,ERISA,5
Lacee Morrant,2560,Festivals,10
Janean Rousby,1162,Maritime Operations,31
Artus Chominski,1172,Prenuptial Agreements,1
Garrard Duggary,1506,Target Identification,6
Thayne McGooch,2327,DSP BIOS,22
Rollo Ewing,1628,Outlook Express,15
Dari Verbruggen,1353,TyMetrix,16
Mylo Kiffin,1251,Ion Implantation,9
Ana Varfalameev,1583,Gypsum,14
Jephthah Reinbeck,2582,Digital Signage,26
Elizabeth Sargant,2960,Youth Entrepreneurship,2
Keane Latty,1528,JP54,6
Elmore Coney,1487,solid-state NMR,2
Ashien Dekeyser,2523,Citrix XenApp,8
Ebeneser Rushford,1943,CPLEX,7
Claudina Volcker,2549,NT 4.0,8
Barrett Gurys,1097,Luxury Cruise,29
Sonnnie Van der Kruis,1618,Land Use,28
Mela Quinet,2948,Occupational Medicine,23
Jordan Crowther,1427,Sweaters,2
Raynor Losselyong,1284,RS Means,16
Byrom Bowater,2378,Ecotect,16
Craig Lindeboom,2303,FBD,14
Dulcinea Antunes,1971,CBCP,22
Faustina Chasson,2590,BBEdit,32
Giustino Kamen,1303,Environmental Science,1
Dottie Delgado,1108,Eiffel,2
Sutherlan Rosenblum,1516,At Multitasking,10
Jere Fisk,1227,News Writing,23
Leora MacNeish,2737,PIX,1
Angelico Davidson,1085,Zebra,15
Wilma Skeemor,2901,Gastroenterology,22
Korella Roswarn,1465,Ukrainian,31
Shelton Pledger,1232,DCF Valuation,30
Brenden Sweett,2974,Novels,23
Goldarina Roycraft,2566,Brand Awareness,24
Gwen Zylberdik,1111,Healthcare Consulting,3
Lazare Dinkin,2836,Editorial Illustrations,4
Stillmann Zanioletti,1364,MXP,22
Charity Iashvili,2863,Silverlight,12
Killie Spadelli,1190,BST,12
Hatty Wetwood,1931,QSA,14
Darlene Lineham,2772,DPF,29
Wainwright Scurrah,2723,Supporting Others,27
Joshia Jennens,2331,Citrix,16
Hyacinthia Warner,1078,Hydrography,20
Gordan Dimitrijevic,1087,Oracle BPM,6
Kaycee Lytton,1708,Xing,25
Crystal Shelp,1329,HMRC enquiries,8
Jecho Grayer,1985,Digital Imaging,30
Sherie Callaway,2028,BPEL,30
Roxanna O'Day,2325,VMI Programs,9
Natty Lief,1036,OTRS,9
Angelica Budd,1841,JMX,1
Brook McArley,1714,CNG,5
Nikki Fransinelli,1916,Make vs Buy,3
Julianne Rappport,2405,Air Compressors,18
Jaclin Magne,2367,BCA Protein Assay,20
Crystie McGarrell,2646,Legal Liability,20
Roldan Georgins,1016,HTRI Software,28
Bessy Sodor,2396,PVC,9
Roger Millthorpe,2152,LNA,24
Dorothy Giacopini,2276,Obedience,5
Gustaf Lorenzo,1745,SWOT analysis,29
Cristian Keenlyside,1362,qPCR,5
Thacher Ianitti,1794,MRSA,4
Sal Drain,1044,Visual Communication,8
Mellisent Toffts,1082,Presentation Skills,23
Pembroke McAmish,2867,Design Patterns,11
Joshua Resdale,2953,Social Media Marketing,20
Billy Cuvley,2676,PVC,30
Den Densell,2701,WS-Federation,31
Reed Chrestien,1218,IVA,15
Anthiathia Orrock,1070,Entrust PKI,26
Ysabel Loud,1837,Airframe,27
Lonni Leimster,1811,Technical Recruiting,3
Clemmie Spore,1498,ACLS,12
Margot Tremollet,2313,Digital Strategy,32
Georgeanna Adicot,1269,MDL,32
Perry Yvon,2258,DC Drives,30
Lorene Castagneto,2314,Ultimate Frisbee,8
Franzen Casarini,2636,HP Networking,2
Clemente Bothwell,1896,VDSL,14
Abby Birmingham,1583,Nuke,28
Elisabeth Hynson,1260,Smart GWT,12
Querida Diano,2822,Amazon VPC,19
Danette Batte,2573,HDPE,3
Ketty Fanti,1333,Plant Identification,13
Tomi Pexton,1197,Critical Care,8
Barbara Chavey,2701,JGroups,25
Farr Scothern,1193,IEC 61131-3,11
Aura Trevance,1634,TPX,22
Raff Tome,2889,Summation iBlaze,30
Kristan Acres,2569,Design Patterns,6
Benedikt Plail,1270,Human Computer Interaction,2
Kelwin Gatward,2043,VTR,17
Lenna Rennebeck,2864,Single Family Homes,21
Nell Miskimmon,2912,Novell,17
Dena Davidovich,1480,FME,28
Lilly Poytress,1177,Child Development,20
Cher Gostyke,1884,Web Content,4
Sandie Theunissen,2787,Vendor Management,11
Camellia Rubinsztein,1731,Owners Representative,32
Querida Nurny,1882,CFML,2
Horatius Mattisssen,1524,SSH,19
Howie Culy,1529,MHP,2
Gabey Piccop,2946,MbUnit,24
Elisabetta Novak,1239,MICROS,13
Rory Derisly,1239,Cyber-security,4
Aube Tookey,1038,Embedded Linux,21
Agosto Yearby,1390,SFDC,23
Blisse Zimmermanns,2997,Short Stories,20
Thorpe Couth,1968,Visual Identity,31
Simon Lawtie,2329,White Box Testing,30
Ingeborg Bruckshaw,1235,Urban Regeneration,4
Maudie Canti,1196,Drug Discovery,21
Carly Schimaschke,1950,Outside Sales,10
Pammi Matthesius,2962,Sap Fm,6
Melita Vearncombe,1801,SAP ERP,21
Pamella Keane,2064,Xalan,10
Clarie Saynor,1726,Back Office,27
Blondie Dennitts,2468,International Political Economy,10
Katrinka Di Dello,1881,Tubing,14
Nels Georgievski,2687,Fund Administration,1
Panchito Burnyate,1339,Kaizen Blitz,2
Nester Norcross,2671,UCaaS,8
Annmarie Pilling,1960,Pro II,27
Cathy Benthall,2506,JTest,24
Korella Calyton,2091,Oil &amp; Gas,18
Seward Meach,1623,Solar PV,31
Suzann De Launde,1458,WebLogic,26
Leoline Wilds,2193,TQC,15
Ximenes Dutton,2811,HP Openview,17
Brana Hitzschke,2275,LAN Switching,30
Martin Boatswain,2420,Waxing,25
Bobbie Cooksey,1800,JSR 168,25
Marrilee Daville,1251,SX.enterprise,9
Wilburt Heaford,2799,Electrical Troubleshooting,20
Nikolaus Padbury,1401,Microsoft Project,31
Farlie Barsby,2665,CPCU,21
Patty Barajaz,1912,Cvent,3
Kale Jansens,2192,PDS,30
Jaquith Satch,2739,Ektron Content Management System,24
Alric Philpots,1343,Legal Documents,12
Zsa zsa Kynder,1490,QAD,27
Anton Drei,2582,Black &amp; White,23
Selle Renforth,1253,Kyoto Protocol,19
Haydon Zoephel,2160,Electronic Warfare,32
Auberon Sadler,1270,Essential Oils,26
Marianna Yosevitz,1792,Flatbed,22
Lucina Dewey,2668,Windows XP,18
Ag Todari,1955,Creative Non-fiction,28
Jerrie St. Quentin,2566,Infor XA,2
Amil Ionnisian,2899,Koi Ponds,23
Melody Drinkale,1214,GPC,19
Cynthy Aldiss,1582,XPAC,5
Isobel Johantges,2791,Site Planning,28
Juliana Bronger,2498,MHE,14
Gerianne Kime,1533,eZ Publish,18
Norine Thulborn,2504,SAP SRM,26
Quinn Siggee,2317,Commercial Kitchen Design,16
Dede Berrecloth,1931,Social TV,6
Clem Silversmidt,2510,MBE,30
Heidie Kitchin,2384,Non-Conforming,6
Cristen Branca,1186,Water Resources,24
Joanne Perocci,1138,Non-linear Editing,23
Hephzibah Gatiss,2123,PMO Design,14
Joseito Antcliffe,1257,WPA,1
Marsha McManus,1454,HCPCS,27
Herta Woakes,2163,Aesthetics,15
Petunia Sieb,1247,Gaming Industry,24
Coralyn Froude,2774,Software Quality Assurance,7
Wake Czaple,2286,Group Dynamics,21
Charlot Edmondson,1068,RDP,32
Isaac Vinter,2914,GSE,25
Domini Demogeot,2123,Security Operations,24
Bron Curling,2781,SBT,30
Salvatore Amiable,2544,First Time Home Sellers,21
Millard Whebell,1741,Design for Manufacturing,18
Tatum Pitman,1510,Power Plants,24
Laurianne Friberg,2729,DCAA,1
Kanya Bakster,2819,Military Aviation,27
Othella Corwin,2234,PPC Bid Management,20
Sharona Worsell,1268,Overseas Experience,19
Dulcy D'Avaux,1865,GSLC,10
Belinda Linde,2334,Quantitative Research,18
Dylan Westcarr,2880,Weddings,20
Conrade Dansie,1538,TJC,26
Chickie Whorlow,1133,RGB,2
Kare Vallery,1020,TMJ Dysfunction,3
Matthaeus Scrafton,2677,Digital Media,21
Dell Pochin,1675,HP Blade,31
Chastity Douberday,2151,CSS Sprites,18
Laurice Grenville,2928,UK Tax,17
Jasmine Lichfield,1023,Quantitative Finance,26
Roseanne Etheridge,2874,Project Management,13
Bink Piccard,1774,nMarket,8
Nat Cottis,1760,CSPro,8
Perla Blackaller,2724,TNS,1
Maryrose Elcomb,1132,ESB,1
Rosamond McClelland,2659,American Welding Society (AWS),29
Gerek Sarchwell,2647,Branding,3
Andree Relfe,2516,Testing,31
Kendell Osmon,1751,RMI,27
Aura Leythley,2992,CND,16
Carley Curgenven,2584,LMS Test.Lab,17
Goddard Novello,2182,Snowboarding,26
Jo-ann Inkin,1237,Supporting Others,17
Natalie St Quenin,1057,Mycobacteriology,5
Easter Belderson,2763,LTE,14
Claudie Surtees,2696,TPX,20
Maryjane Whatford,2097,SDI,1
Sollie Piola,2142,IT Risk Management,29
Gris Tong,2272,Ukrainian,10
Vachel Tilsley,1864,Program Evaluation,14
Westley Raccio,2987,GCPs,17
Sephira Dumbrall,2286,Web Content Management,25
Russ Towey,2817,Music Publishing,3
Banky Vanacci,1113,Thought Leadership,23
Fabe Muschette,2645,FTC,18
Harland Pawden,2829,CTF,12
Shaine Aberhart,2063,Fund Administration,17
Marcos Ferminger,2429,HMIs,10
Jewell Berrill,2087,DVB-S,3
Arie Hook,1885,Trading Systems,25
Garreth Seville,2913,BS25999,18
Wilmar Enderby,1440,Apollo GDS,6
Jerrie Fayers,2411,DSLR,2
Liva Kerrigan,1414,System Administration,31
Auberta Luckett,1466,Smartboard,6
Amelie Goodall,2717,Akamai,16
Nefen Crassweller,1122,Childhood Obesity,20
Antony Blaycock,2465,NCIDQ,31
Gusti Colles,1412,Winning Others Over,31
Buckie Spon,1021,iOS Design,22
Matthias Spraggon,1121,TSS,3
Terrell Bartolozzi,2263,WCCP,17
Marcello Benadette,1213,Immigration Law,17
Rhianon Frangleton,2136,RMDS,4
Julia Nairn,1948,Jin Shin Jyutsu,4
Emogene Mc Gorley,1098,CSLA,26
Nicko Bellhouse,1197,RRSP,8
Tansy Water,2656,Yeast two-hybrid,5
Arline Hotson,1127,Vulnerability Research,10
Eamon Russi,1134,Style Guides,30
Alberik Fishby,1570,Axys,17
Hale Jeannot,2216,DMVPN,28
Farlie Dwane,1989,VDSL,3
Benn Mizen,1055,SRED,10
Darin Manssuer,1439,Part-Time CFO Services,27
Trent Davenall,1373,DBT,4
Jo-ann Thebes,1522,DV,16
Hephzibah Currey,2351,Charitable Giving,1
Drusilla Loche,1315,Hair Cutting,19
Ignatius Bunning,1709,YouTube,22
Whitaker Oats,2065,SMTP,26
Lemmie Haliburton,1521,PFGE,29
Donetta Monte,2058,JTAG,28
Ivie Mulgrew,1456,Fraud,2
Rhona Eusden,2442,PWM,12
Barbi Gummary,2578,Zoology,1
Paton Vedenyapin,2696,UDP,7
Carie Swinerd,1749,SAP BI,2
Aprilette McPeck,1311,PKI,17
Layla Mazzeo,1328,Farms,5
Roda Renwick,1206,Job Search,24
Say Minico,2201,LPMS,18
Armando Santarelli,2703,Variable Data Printing,27
Klaus Reddoch,2784,RHIT,28
Lazarus Woodhall,1808,Hiring,29
Marya Dederick,2015,Routing,14
Annadiane Prattin,2378,OEM contracts,11
Juliet Cohen,2699,HTK,27
Kim Agron,2907,TGA,13
Claudette Curreen,2809,OTRS,30
Amalita Gittings,2106,Cybercrime,17
Aridatha Klimowski,1182,UVLayout,28
Jilleen Di Biagio,1312,Crisis Intervention,15
Sumner Keaysell,1702,Banking,17
Ann Campaigne,2327,Curating,24
Corliss Munnery,1485,SDLC,9
Tris Tichelaar,2312,PC Anywhere,10
Adriena Whitewood,2739,Telecom BSS,12
Kayle Abley,1565,Vegetables,32
Stacee Giotto,2828,Testing,9
Ronny Ransbury,2397,DTR,5
Lu Yuille,2218,JSONP,9
Fanchette Matisoff,2928,Zuken,27
Dayna Quin,1894,IEC 61850,3
Kiersten Nealey,1733,D3.js,8
Sissy Lehrer,1117,Iron,6
Jakie Hendin,2149,GDI,1
Maisie Prendeville,2306,DLPAR,20
Gloria Whytock,1241,PVCS,11
Yorgo Sciusscietto,1593,EWSD,18
Marcel Batterbee,1185,Job Search,20
Jeramey Blasl,1362,Umbraco,18
Kristoforo Espina,1763,TCA,5
Gradeigh Shrieve,1695,Sarbanes-Oxley Act,13
Maryjo Von Der Empten,1710,Kindergarten,25
Tommie Cucuzza,2963,RhinoCAM,20
Ivett Hardwidge,1078,HCP,4
Roanne Barrasse,1449,UFS,7
Daisey Rathbone,1488,Ambulance,5
Danna Chupin,1992,SQL DB2,32
Katy Shewan,2063,PowerPoint,26
Karalee Marler,2523,EZ Labor,25
Alphonse Summersby,1468,Call Centers,7
Hatty Dyball,1621,PPMS,22
Rutherford Brose,1130,User Experience,27
Roxana Morfett,2590,Biostatistics,32
Raina Melwall,2025,Oncology,16
Hermione Danilin,2568,LTV,23
Ermentrude Irce,2984,RNC,26
Stanford Crathorne,2943,Brochures,13
Sanford Dacey,2662,VSE,32
Sydney Vize,1253,Abstract Paintings,15
Clem Tock,2988,KML,15
Elaine Annandale,1860,Ice Hockey,9
Marlane Sivier,2991,Classroom,25
Becki Yoslowitz,1251,YMS,26
Mendie Raffan,1245,Furnishings,24
Isa Scruby,2454,Gemba Kaizen,2
Mirabella Archdeckne,1261,Eye Surgery,13
Nikola Lindholm,1774,Knee,5
Faustine Workes,2328,Duty Drawback,8
Melva Canton,1085,Electric Guitar,7
Biddie Drissell,1180,Real Estate Due Diligence,15
Esra Mc Queen,1564,Cement,4
Ernaline Doudny,1906,Oil &amp; Gas Industry,32
Page Carnew,2710,Marketing,21
Filippa Dionis,1223,Change Control,15
Emelda Fairbrass,2832,Luxury Cruise,19
Dillie Ogglebie,2987,Estimates,24
Chad Boltwood,2443,WLST,13
Bard MacGilfoyle,1311,CPCU,12
Dave MacKnockiter,2024,Character Rigging,17
Mattias Whettleton,1363,Botany,29
Charmaine Kinze,1122,Art,29
Marthena Lampaert,1812,Ulcerative Colitis,11
Katerina Sydney,2312,GCIA,27
Ulberto Holbie,2347,Enzyme Kinetics,15
Bartholomew Larder,1949,MVPN,12
Thadeus Woodcroft,1809,DDD,22
Vin Glyne,2138,WebSphere Application Server,8
Corena Walles,2484,Knee Pain,22
Yorke Fandrey,1650,Supplier Quality,12
Ted Gosford,2133,Knitwear,27
Egbert Axelby,2740,CVM,21
Gerhardt McNay,1190,GHP,16
Saundra Koenen,2352,Youth Ministry,10
Bondy Storey,1695,JVs,18
Aveline Mourgue,2880,global HCM,10
Chlo Parsand,2453,CMM,4
Rorke Dow,2500,LLC,16
Letta Awde,1700,Typewriter,22
Julie Mulvy,1902,LTSP,1
Hetty Dugood,1460,LRO,6
Sascha O'Keefe,2568,MPages,14
Hephzibah Summerside,2452,Molecular Cloning,10
Sher Ennion,1751,Offshore Drilling,18
Tomkin Roth,2470,3D Modeling,23
Donella Han,1482,JCAHO,13
Cyb Klagge,2995,OWASP,6
Bliss Bargery,2227,Event Production,16
Dewie Load,2234,Microsoft Publisher,4
Valery Burchett,2360,Oilfield,18
Andre Touzey,2504,Durable Medical Equipment,18
Guillermo Beaton,2920,Tween,20
Elka Teasey,2264,EOC,28
Lynda McCracken,1515,Enzyme Kinetics,4
Genvieve Paulsson,1809,Karaoke,10
Norene McEwen,1998,Bloomberg,26
Zorana Lovat,2782,Canon XH-A1,22
Ardelis Durnford,2906,MDF,31
Rossie Gouda,1792,Sales,28
Hebert Blakelock,1163,Customer Retention,25
Ezekiel Hartford,2236,Early Childhood Education,15
Sherrie Finlater,1782,PMO Development,1
Kailey Nenci,1761,PMO set-up,30
Dedie Bland,1526,Team Effectiveness,11
Siward Terrazzo,1266,Ticket Sales,15
Alexis Sarge,1995,FCNSP,29
Marquita Basill,1967,Analytics,12
Dex Chisnall,1328,Humanitarian,12
Molly Marcinkus,2489,Contract Negotiation,26
Kaitlyn Gumley,2312,Erosion Control,25
Kelly Dutnall,2335,SAP EBP,3
Ben Fairney,1727,Mineral Exploration,5
Ericha Womersley,1028,TWiki,18
Tiffani Cadle,1101,Integrated Circuit Design,9
Jacquelyn Stennes,1911,HGV,14
Hillyer Ganny,2028,Cisco MDS SAN switches,22
Luis Porritt,2623,Teeth Whitening,23
Brynne Stilliard,1732,Pre-opening,21
Isac Rylands,2103,RCSA,25
Rustie Lindblad,1678,IVR,2
Barbette Pomeroy,2222,Hazardous Waste Management,20
Kelsey Ettery,2450,TD-SCDMA,26
Ema Beardsley,1167,AACR2,16
Norry Bleackly,1414,OS/390,16
Rennie Siney,1985,Arbitration,17
Devland Boyson,1900,Thermodynamics,15
Austin Hovell,1298,FBD,13
Valentina Yushankin,2138,HPLC,28
Agatha Fetherstonhaugh,2617,osCommerce,2
Lamont Millom,1825,MCNP,9
Bailie Downe,1064,CBOT,13
Tiffanie McCauley,1694,Human Capital Management,1
Nani Morrid,1225,DMPK,7
Mallory Jacop,2855,WMOS,22
Iorgos Nussey,2621,Leave of Absence,24
Niels Snoad,1602,CMM,17
Francois Philipot,2236,BtB,29
Misti Stovine,1290,ICT Governance,31
Cirillo Joselovitch,1659,Koha,6
Randi Lundbeck,2152,IAS 39,31
Afton Redhills,2486,DFMEA,24
Berty Meenehan,1115,MLB,17
Arleyne Caplan,2838,Poka Yoke,30
Mary Flooks,1205,UART,13
Vanny Palser,2858,Cross-border Transactions,26
Winna Sudlow,2722,Small Business Lending,8
Cyrus Thomsson,1870,Skin Care Products,28
Raymund Fasler,1223,Automation,15
Alberto Follen,2284,Mobile Devices,7
Dannie Moral,1415,Team Effectiveness,12
Arthur Venneur,2323,JCreator,21
Sharron Batrop,1750,CSLA,31
Burton MacGaughie,1982,UIM,21
Tommy Olesen,1531,Video Games,32
Nananne Endecott,2340,LLDP,13
Paddy Foreman,2738,Civil Litigation,14
Arlin Everist,2965,SRDS,14
Thornton Surcomb,2314,Child Development,19
Florette Strutz,2991,AKTA,4
Nellie Woodford,1827,SWIFT Payments,28
Theda Burle,1305,Digital IC Design,21
Nita Oxburgh,1600,KVM,1
Marchall Caghy,2240,Gnuplot,2
Lenore Shafto,1809,IT Audit,28
Asher Harbord,2786,OAS Gold,13
Helenelizabeth Lanchbury,2615,21 CFR Part 11,10
Michelina Duddin,1126,vShield,3
Portie Pimblott,1314,Voice Acting,6
Philipa Barti,1172,GDS,24
Lenette Spellsworth,2229,GS1,16
Andeee Grantham,2508,Pyramix,7
Eugenie Bottom,2103,FDR,27
Ulises Manshaw,2915,TCL,10
Elbert Wilcockes,2875,VTC,31
Gilemette Robecon,2234,NLog,12
See Padley,1526,Annual Giving,14
Carissa Capener,2809,QlikView Development,8
Zach Wilcocke,1675,Information Assurance,1
Winona Ughetti,1246,Knitting,21
Bevon Peterken,2529,Yelp,15
Dodie Olyff,1126,NS-2,31
Ruperto Mogra,2496,Glass,12
Yorker Hallgate,2205,JCT,19
Nial Scarlett,2301,Organizational Development,29
Chanda Upcraft,2459,MP3,16
Martica Reinhard,1437,KWI,20
Loria Clue,1559,VCM,3
Lura Tarquini,2344,Dynamics,10
Hi Burd,1981,AV,21
Godwin Worthing,2337,Uniform Combined State Law,24
Dominica Hogbin,1361,BGA,9
Teena Marshal,1021,FSMS,2
Gran Alkins,1358,Dog Training,8
Daphne Goldthorpe,1498,MD5,4
Oliy Bateup,1497,RSL,26
Ollie Heak,2796,IBM Rational Rhapsody,32
Abramo Stellman,2274,Digital Strategy,4
Sully Goolding,1444,MLA Style,5
Rubetta McFadden,2736,TMN,17
Ethelind Bettanay,2881,Unicenter TNG,29
Audie Goldston,2798,VGA,24
Holt Frankum,1997,Video Editing,9
Gerald L' Anglois,2268,JDOM,24
Dene Mulvin,2601,QI,17
Lavinia Bassindale,2656,Avaya IP Telephony,32
Leigh Troctor,2917,SAP SD,10
Abbott Norcott,2708,Snowmobile,13
Orrin McIlhatton,1437,JDeveloper,18
Nancy Legge,1459,CCVP,2
Lauralee Cowx,1835,Fashion Jewelry,28
Odell Yakobowitz,1747,HLASM,30
Helena Filippozzi,2446,TCAD,13
Kendall Farryn,1742,User Acceptance Testing,19
Bear Waslin,1825,JPAS,11
Lurlene Gludor,2460,Portuguese,31
Ema Swaddle,1971,Wwise,32
Mariette Tuxsell,1382,TMX,25
Hugh Brute,2556,IT Audit,19
Baird Neagle,2791,Yardi,9
Andrew Sharpless,1727,Protein Expression,6
Porter Buttrum,1692,InDesign,31
Nicolis Point,1045,Quality Management,3
Joelly Soeiro,1738,IP CCTV,9
Annemarie Sicily,2825,Urban Studies,7
Cobbie Lettson,2641,HP Procurve,10
Zacherie Attree,2826,Football,1
Stanton Fendlen,2370,Vsftpd,31
Phylys Church,2757,SAP BPM,17
Patin Woodings,2563,nMarket,30
Aron Bagnell,1907,Work Very Well with Others,32
Richardo Bomfield,2914,Winning Others Over,3
Alonzo Duro,2041,IT Strategy,4
Lucila Pawlata,1831,Planning,23
Dario Roffey,2717,NLS,8
Alisun Meiklam,2173,DMR,22
Ania Geerdts,1307,Homeland Security,7
Jolene Parcell,2036,Cash Handling,6
Ingrim Elloy,2430,Oracle ERP,11
Kari Massot,2494,BPA,9
Alano Brea,2868,DVD Studio Pro,21
Maire Byron,2980,MFC,4
Alanna Stodd,2596,Curriculum Development,6
Therese Hellmore,2198,Teacher Training,25
Alfonso Libermore,1366,Military Justice,16
Melicent Bolstridge,1923,DCAA,20
Darcy Harley,2943,FF&amp;E Procurement,31
Terrel Willcot,1335,OTP,32
Janella Boskell,1408,MD5,18
Jasun MacTeague,1010,Welding,18
Byrle Macer,1426,QROPS,20
Cindi Glastonbury,2364,Fashion Jewelry,2
Lonnie Rucklesse,1597,Working Abroad,1
Lin Baterip,1001,Fashion,27
Roldan Middler,1047,SAP BPC,32
Viviyan Pic,2570,FBCB2,13
Maris Korf,1946,Photography,23
Eolande Philipeau,2478,MP3,26
Gard McTurk,2835,Site Plans,22
Emery Bradmore,2248,English,27
Oona Megany,1196,Yard Work,6
Herrick Whyberd,2313,Environmental Science,30
Roderich Hymus,1456,Audio Editing,31
Eleanore Burlingham,2704,Bodywork,31
Phylis Veighey,2017,Electric Power,17
Ivory Jendrys,1321,Green Building,1
Terence Ridder,2363,HCP,4
Lishe Barlthrop,2605,OSHA Instruction,5
Jaquenette Dansie,2804,MYOB,30
Hillary Dugan,1738,WS-I,32
Marmaduke Cogdon,2964,HP XP,4
Celestyn Dunning,2609,Boat,27
Seka Blasoni,1286,Start-up Environment,31
Aloysia Yesenev,1511,NGN,10
Reeva Lowater,1599,Attendance Management,20
Gottfried Farmer,2510,Economics,23
Elberta Dorwood,1115,NFC,2
Eadith McKinnell,1576,Yin Yoga,9
Ahmad Edmonson,2999,ZenCart,32
Rhona McGrane,2559,FSP,2
Judi Gever,2496,EOL,21
Rosalinda MacCall,1389,EWS,26
Brandise Rewan,1012,Blogging,3
Julia Authers,1583,Project Engineering,12
Karie Copson,2425,Clinical Nutrition,28
Dorene Mizzen,1662,VPM,21
Alika Stockman,1974,IGOR Pro,22
Petronella Reinhardt,2952,Electricity,13
Courtnay Gladdor,1304,SSOP,4
Elka Beckhurst,1849,General Insurance,20
Agathe Feather,2262,Website Updating,30
Zelma Tipler,1392,Facilities Management,14
Tucky Klima,1935,Bash,19
Loleta Sussex,1148,FDICIA,27
Cassy Bonny,1046,Downstream Oil &amp; Gas,21
Prudi Frary,1418,Sports Coaching,2
Adrian Giller,2084,Agrochemicals,8
Gaby Oldnall,2592,Appointment Scheduling,3
Stacy Valett,2203,Publishing,17
Eugenie Scade,1271,DLS,18
Minta Columbine,1429,TWiki,23
Nilson Songhurst,2371,Knitting,21
Tatum Rebillard,2333,Ion Exchange,4
Dolorita Rougier,2933,Risk Management,9
Lorry Bridges,1256,Youth Marketing,1
Winnah Jarritt,2740,Motion Graphics,28
Bernard Oake,2403,MRM,28
Denys Boncore,2600,TJC,24
Rogers McAllan,2175,NSPS,24
Phillis Coie,2269,Genomics,9
Lacie Mulcaster,1654,Cost Accounting,28
Valida Luigi,2603,Estate Planning,25
Shell Stockle,2098,eCTD,20
Opalina Stove,2935,MDL,27
Isaak Wisher,2370,BMV,11
Coral Willgoose,2420,GTK+,25
Erik Yanuk,2856,Star-CCM+,19
Kiley Pryke,2045,VSA,32
Karol Necrews,2251,Pharmacy Benefit Management,17
Jilly Rudiger,1826,Switchgear,28
Francois Hinchshaw,2068,Location Intelligence,18
Tirrell Oppie,1137,FCE,18
Leeann De Simoni,1602,Xserve,28
Arlen Tavernor,1153,SR&amp;ED,26
Claudetta Ketcher,2133,MPLS-TP,31
Tammy Warrender,1352,Audio Editing,23
Ashla Bonar,2383,Wovens,2
Justino O'Sculley,1165,IHT,12
Tanney Teulier,1377,Broadcast,9
Prudy Fulkes,1772,Healthcare,15
Bertine Dunstall,2957,Corporate Finance,29
Maddy Everist,2053,Fine Art Photography,26
Mathilda Warnes,2485,Child Development,12
Jervis Quiddington,2375,IRB,15
Coreen Escalero,1244,KOL Management,28
Celestina Shave,1784,WiFi,24
Meridel Giacobini,1612,Snowmobile,1
Guntar Bartley,2900,IBM Mainframe,16
Tasha Trowler,1752,PDM Works,30
Debee Izzatt,1152,WMI,25
Mal Harkess,1161,DG Sets,4
Julianna Clews,2787,SQL Azure,32
Hadleigh Wennington,2336,iSCSI,15
Briana Deeson,1814,Statistics,32
Mikey Bohman,1559,CPOE,14
Laird Fielder,1361,JBL,11
Claudian Ducker,1382,Airframe,13
Sloane Samworth,1326,VLS,28
Blake Studholme,2347,MV,16
Conroy Coggings,1614,VTR,12
Dianna Allison,1140,Clarity FSR,4
Dyana Warrior,1245,Fund Of Funds,23
Babara Coggings,2064,DNV,25
Arabelle Bennedsen,2389,KMDF,16
Aurelie Sparwell,1502,Class III Medical Devices,13
Corey Gwyer,1849,DBC,17
Jolene Andree,1118,Image Processing,29
Genia Diem,1408,Fraud Detection,29
Marchall Banaszczyk,1723,Powers of Attorney,21
Davita Wilby,1205,MSI,31
Levey Batt,2318,Yard Work,25
Rabbi Castri,1600,Vascular,6
Rolland Ernke,2671,Quality Assurance,27
Heywood Philo,2846,Cyber Defense,26
Law Molian,1964,Conservation Issues,26
Warde Sackur,1310,Ambulatory Care,24
Kirk McIlwreath,1350,Comic Book Illustration,26
Chere Pardi,2503,Dubbing,32
Polly Mewrcik,1909,Cerner CCL,29
Basilio Norley,1337,Test Automation,22
Leigha Pawel,2794,Wyse,13
Tommi Stilgo,1770,HP Server Hardware,9
Walsh Shurmer,1211,HSP,24
Cherrita Jump,2568,Drawing,12
Engelbert Hiorn,2998,LPC,27
Rube Lidgely,1452,FF&amp;E,15
Gaultiero Easman,1138,ICD-10,20
Faunie Veillard,2473,Diabetes,5
Nance Leacy,1834,Social Media Marketing,21
Sandi Sobey,2273,Eaglesoft,2
Ramon Shave,2558,Aquatic Ecology,25
Ronna Naptine,1934,TMG,27
Kelsi Yglesia,2721,Jet Fuel,5
Marco Burrell,2667,Airline Management,24
Davon Schulken,2691,PXE,5
Claudius Giacomelli,1258,Employer Branding,25
Ozzy Ambrogelli,1312,Radar,8
Marybeth Gent,2607,DNA replication,20
Ernst Leighfield,1464,CBR,6
Gallard Graeme,1595,Sony HDV,25
Emmit McWard,2942,Turbo Pascal,6
Klara Bertome,2631,Investments,20
Mervin Engley,1872,Modeling,14
Lanae Tutin,2914,JGroups,18
Annabella Pail,1881,American Literature,30
Rebekkah Hubert,2286,Culture Change,11
Ralph Pizey,1752,Personal Injury,9
Reese Creeboe,1568,NVU,25
Nikolia Simnell,1221,Econometrics,27
West Balsdon,1446,HPLC,18
Latisha Switland,2175,Avaya IP Telephony,8
Felicity Banasik,1058,Kaledo,22
Shannah Dulany,1016,Omnibus,1
Normy Buzin,1858,Bookkeeping,22
Jobey Webb-Bowen,1340,SBS,26
Jody Ludl,2508,CTL,14
Tedda Phelipeau,1754,Music Education,27
Rikki Leggs,2085,Sungard GMI,11
Luisa Daft,1400,Raw Materials,16
Kristian Madden,1517,Light Rail,4
Ezequiel Scoggin,2933,XML-RPC,9
Witty Mawhinney,2951,Programming,7
Donielle Adamoli,1117,Office Management,28
Dov MacRedmond,2192,Rheology,10
Dirk Short,1145,Knowledge Transfer,30
Jewel Barday,1090,Job Descriptions,28
Abdel Hebblewhite,2109,CTC,24
Lenore Krolle,2237,PIX,2
Amery Klaffs,1427,VSTO,25
Isabella Aymes,1912,Luxury Brand Marketing,32
Correy McCowan,2129,Flash Animation,31
Sib Turvie,2017,System Testing,4
Mathe Furminger,1680,Flexo,30
Alison Bagge,1182,DMPK,21
Zorah Rutherforth,1560,LDPC,14
Tony Yegorov,1659,IP PBX,15
Juliane Darleston,2439,Avionics,3
Nonna Sturdy,2803,Tires,15
Hedi McCowen,2758,TPL,2
Devon Heinritz,1399,Play Therapy,9
Avram Bernhart,2794,Crisis Intervention,32
Jay Bascomb,2800,Osteoporosis,1
Consalve Van der Hoeven,2623,Occupational Rehabilitation,10
Freddi Annandale,2219,Personnel Management,32
Dukey Rumke,2512,FPC 1,23
Hale McTrusty,1661,Trimble GPS,18
Teri Devenish,1333,CQ5,21
Kari Tinsley,2562,Cisco UCS,12
Merridie Drable,2431,Epic Systems,7
Christina Baume,1148,MWS,20
Thedric Skipp,1848,Pneumatic Tools,32
Kyla Pullan,2655,Pensions,10
Waneta Matterdace,2465,ILOG,31
Lyman Longega,1470,Juvenile Delinquency,23
Kahlil Pinhorn,1890,Glazing,9
Rosene Lamerton,2647,Web Development,25
Ddene Sunnex,1213,Piano Education,19
Manya Yarwood,1924,Performance Tuning,30
Berton Kobera,1638,Solution Selling,6
Beaufort Bolding,1044,UCINET,24
Jessamyn McBride,2828,Xerces,21
Mathilde Nannini,2361,Digital Media,24
Elissa Neeson,2301,CD packaging,25
Mabel Tilley,1737,FDA,32
Gianna Ledson,2656,IEX Total View,16
Cecilia Trebilcock,2618,CPCU,28
Vivienne Frain,1986,Yin Yoga,14
Raphael Eborall,2400,OSHA 10-Hour,2
Allard Elwyn,1903,XSLT,11
Broderic Knevit,2836,SAP PS,5
Sidoney Pennaman,2536,Financial Reporting,16
Valeda Lillee,2553,JCR,26
Luz Dollimore,1804,CQI,28
Alta Ventum,2124,Rock Mechanics,24
Carolyn Oldroyde,2271,VSE,9
Catlee Fakeley,1147,NMLS,5
Koren Milesap,2172,XTRAC,13
Babbie Dugget,1136,Zumba Instruction,9
Kingsly Wilby,2429,Bankruptcy,11
Clarissa Bricklebank,2304,Google Apps,23
Melisa Cobbold,1280,Music Production,1
Petronille Eat,1546,ETL,17
Llywellyn Stichel,2111,Myofascial Release Therapy,23
Andrus Castanos,1259,NCAA Compliance,3
Irvine Byart,2565,NRA,15
Demeter Rees,1050,PVST+,31
Quintus Revitt,2937,VTL,1
Dayna Renard,1361,Church Growth,29
Debi Whitcher,1281,Nutrition,6
Hurleigh Harrowsmith,2782,Acute Care,9
Chev Notman,1963,Automotive Engineering,22
Eal Raleston,2688,Gardening,28
Dorella Goodship,1108,Sales Effectiveness,8
Hewitt Duckfield,1426,GTK+,18
Leone MacCathay,1556,GUI,20
Keefer Glazebrook,1521,OTDR,24
Cyb Clive,1617,Business Ideas,6
Leonelle Sitlinton,2200,solid-state NMR,1
Killy McGeraghty,1664,OSGi,29
Dolores Gleeton,2542,FCC,24
Aurlie Baldazzi,1286,IOT,16
Ernie Dahle,1303,Gospel,13
Beatrisa Glowinski,1884,Police,4
Erin Baysting,2073,Undercover,20
Perren Kleinerman,2838,Student Financial Aid,29
Rustie Lawling,2380,CFI,18
Pall Kolakowski,1401,Power Utilities,31
Natale MacNish,1940,Office Equipment,25
Ashla Daunay,1272,FPSO,23
Ladonna Blakes,1631,System Deployment,31
Clarance Malpas,2837,TSM Administration,18
Charmion Casperri,2976,Unicenter TNG,8
Amabel Cluckie,1701,Strategic Partnerships,28
Georgianna Creebo,2311,Land Use Planning,1
Burk Lyvon,1371,Fashion,16
Hildegarde Cromwell,1624,Ironport,12
Lazar Horlock,1279,Data Mining,11
Augusta Spinello,2413,MSI,32
Germaine Durrett,1123,Property &amp; Casualty Insurance,22
Sheffy Bilbie,2182,Personal Development,25
Leicester Rosenqvist,2432,Process Automation,31
Dionne Osmant,1882,Systems Design,22
Gallard Kift,1807,LLBLGen Pro,11
Byrom Sievewright,1396,Oracle SQL Developer,2
Micaela Bakey,1189,Oracle Applications,21
Jolyn Shimony,2677,IATSE,4
Koralle Finby,1617,MRTG,31
Ignacio Iannetti,2647,XFP,10
Roley Stampe,1287,VHDL-AMS,15
Valene Dinneen,1625,Critical Thinking,14
Alfredo Coombes,1269,Uzbek,14
Chantalle Spurge,1287,VST,30
Kristo Jeafferson,2726,Buyer Representation,26
Gillian Viney,2685,Cinema 4D,2
Gerrie Mustchin,1119,Working at Height,21
Jacquelynn Colleford,2404,NWDS,25
Matilda Batterbee,1039,CFTC,7
Ezechiel Heales,2277,iVantage,16
Adolphus Rubenov,1672,MVT,21
Bartholomeus Lescop,1546,UltraEdit,30
Alphonso Doone,1933,Dtrace,21
Emmaline Linger,1666,Akka,28
Fedora Nethercott,2056,Brochures,26
Polly Maidlow,2364,DSP BIOS,22
Fowler Comoletti,1143,European Languages,24
Chastity Brunsdon,2823,Particle Effects,8
Guendolen Valentin,1116,NPI Management,10
Clayborne Bentsen,1928,Eclipse CDT,18
Radcliffe Lindwasser,1511,Kuka,28
Christean Garatty,2719,DDI,14
Evvy Kincade,1179,AJAX Frameworks,5
Thatch Foro,1955,Organizational Leadership,3
Perri Badrick,2274,SSPS,1
Jervis Bottom,2307,ICP-OES,5
Pansie Peddar,2530,Supervisory Skills,9
Burlie Buckland,2148,JMX,1
Eadith Lambertazzi,2350,FPA,1
Doralyn Dennehy,1567,NCMR,23
Gustavus Cordero,1733,Flex,19
Adoree Gerrets,1218,Urban Forestry,28
Aidan Andrag,1447,Working Abroad,22
Lilly Amberger,1210,Oil &amp; Gas Exploration,12
Shannon Scullion,2761,Hotel Management,31
Kristan Avis,1951,FBT,13
Justin Sandford,2498,Hand-drawn Typography,26
Joyous Scholtis,1727,DV Cleared,17
Lyndel Stivens,2407,KPI Dashboards,1
Jarred Erington,2194,Novels,22
Joyce Brenneke,1976,Kitchen Remodeling,3
Cherie Esler,1690,Automotive Aftermarket,4
Lexi Tomkinson,2848,Flight Planning,3
Merwyn Selvey,1305,Cytogenetics,23
Eugine Cormode,1081,UML Tools,13
Mattheus Tabb,1517,Japanese,27
Galvan Dabernott,2999,KYC,24
Olag Taw,2061,Cyber Defense,19
Baron Oven,1035,Business Objects Data Integrator,19
Alfi Ferreli,2469,LLC,9
Zollie Tubble,2526,Environmental Issues,19
Antonio Pritty,2677,Buyer Representation,10
Stinky Nudd,1373,VRRP,2
Lynn Dear,2342,JSON-RPC,30
Benni James,1994,Deep Tissue Massage,27
Jacquetta Briar,2069,GFAAS,6
Hali Skeat,2319,Aluminum,27
Judy Grimmett,1926,MHRA,28
Elisabet Dyett,2614,UMA,27
Wilt Lorman,1594,LPIC,29
Joann Milmo,2284,Sports Marketing,9
Helen-elizabeth Belcham,2890,Play-by-play,10
Marcus Birtwhistle,2428,Ticketing,2
Kaycee Cayzer,2664,Windows,4
Starr Dumberell,2144,Blackberry,17
Clayson Johanning,1619,MDOP,30
Ami Hinken,1944,Youth Engagement,18
Nissie Merit,1609,Robotics,24
Arin Sulman,1301,Commercial Photography,26
Adriena Odam,1430,HCAHPS,23
Klemens Embery,2621,IGRT,7
Tyson Glasscoe,1358,PFlow,13
Elfreda Pearcy,2930,Process Automation,27
Chucho Jeggo,1567,Lubricants,13
Gloriane Aylmore,1511,Supervisory Skills,17
Mickie MacTurlough,1626,DC Power,19
Barrett Tuxsell,1979,Pharmaceutical Sales,6
Norene Kleinhandler,2829,Financial Analysis,29
