nombre,puntos,conocimientos,clave_estado,ganancia
Mallory Matelaitis,1850,Kodaly,31,42675
Sydney Truelock,2666,EBSCO,8,46236
Nikos Archibald,2951,Phase II Environmental Site Assessments,9,37285
Guinevere Caple,1288,CSG,3,46487
Dal Gantlett,1325,TPM,14,38820
Yoshi Imlin,1371,Image Manipulation,1,49777
Alexis Busby,1036,Financial Services,20,30040
Mercie Murdy,2662,TI DSPs,15,44195
Stuart Kynston,1331,Team Mgmt,24,36241
Sayre Mellsop,2940,ELISA,23,47970
Blaire Stichall,2983,Interactive TV,15,39868
Leeann Nettles,1694,UVLayout,23,38990
Nolly Janisson,1155,Food Industry,25,31455
Sergeant Lawtie,1538,Allen-Bradley,32,36726
Ally McClounan,2238,Kaizen Leadership,25,34388
Roxy McMurdo,1935,Client Aquisition,26,47001
Jeremie Hasty,2393,MHP,2,47668
Morrie Dourin,1330,Assessment Center,2,34502
Simone Clougher,1281,HUET,7,42171
Jaime Gilliland,1215,Durable Medical Equipment,12,30789
Francesco Elsmor,1086,WS-I,32,33339
Yulma Mechic,2885,NLB,6,38876
Edmund Simmers,1287,ESB,14,32532
Laurette Feavers,1087,Econometrics,12,33069
Leupold Finicj,2374,IPTV,8,41264
Jayne Guilfoyle,2100,CFM,23,44355
Rhea Treker,2575,VNC,6,34519
Chariot Giggie,2058,DPM,22,35980
Tanitansy Fairlem,2608,Strategic Thinking,9,45258
Tara Messingham,2728,Advertising,21,49698
Daisie Camden,2079,Gutters,30,33605
Lettie Luckman,2536,TDC3000,18,48006
Winnie Allbones,1646,Blog Marketing,22,48762
Linnell Leaton,1405,Agarose Gel Electrophoresis,28,32596
Koralle I'anson,1022,GSI,20,35349
Oliver Peacher,2389,Equity Capital Markets,26,44320
Roxie Dobie,2002,Grants,1,33774
Irene Sandry,1110,BPWin,8,47248
Aimil Aucott,1970,CDPE,29,47437
Rochella Witchalls,2675,OO Software Development,32,42946
Patrick Gierardi,1128,Loss Prevention,24,36669
Arne Syrie,1786,P&amp;ID,5,47694
Marcos Brunone,2670,Restorative Justice,1,45677
Brandtr Gomez,2781,Sony Vegas,29,48527
Seward Cicci,2922,RRIF,8,30064
Martynne Reddle,1894,ITIL v3 Foundations Certified,1,42068
Madonna Rolf,1360,Physical Security,21,46642
Beverie McKendry,1716,Feature Films,14,32997
Inigo Meron,2071,Federal Grants Management,26,38888
Lambert De Bell,1766,Dynamics,32,33919
Raine Trank,1652,SMT,23,41643
Immanuel Chritchley,1794,American Politics,29,35007
Hedda Kiln,2302,VCM,30,49255
Frances Harbor,1426,Ducting,9,47766
Almeda Jenno,1153,HBase,19,35115
Linzy Olivas,2094,Eyewear,17,33765
Minnie Keyson,2561,Zuora,11,46964
Belvia Snowball,1974,Programming,32,46903
Evania Iacapucci,1672,RTSP,23,31056
Rheta Shedd,1831,BJT,14,31455
Mufinella Frango,1219,Motivational Interviewing,14,45186
Aluin Fetters,1267,RNA Isolation,12,49528
Georgianne Fudge,1113,JTest,15,32588
Robina Hake,1019,Koha,15,43064
Ermanno Readings,2108,Windows 7,13,30398
Pamelina Reburn,1229,Ambulatory Care,14,33180
Conan Stanfield,2561,TCAS,8,37539
Winona Sciusscietto,2212,IAR,24,42342
Casey Rought,2752,Sustainability,1,32530
Demetra Caghan,1902,Oracle Applications,4,48156
Arleyne Harrold,2502,CFK,13,43412
Tadeo Quilter,2147,Physicians,28,42186
Alyssa Taysbil,2204,cPanel,20,34648
Hermione Canter,2372,Wholesale Purchasing,15,48742
Ashil Monkleigh,2897,Upholstery,16,46157
Christyna Colin,1280,HR Software,24,45484
Leonie Greguol,1960,BPD,32,34311
Bengt Tiuit,2761,TQM,4,41734
Gabriel Bapty,1621,Aerial Cinematography,7,33667
Padgett Wellman,1515,Ultrasound Therapy,1,37744
Bertie Rigbye,2762,TWiki,32,33161
Marven Napoli,2266,Koi Ponds,26,34103
Benedict Sonier,2116,System Architecture,11,30956
Mata Konneke,2507,Yellow Book,17,40527
Morgan Heber,2429,IGMP,30,34756
Reynard Abby,1753,Educational Technology,26,36489
Jessamine Climpson,2346,Record Keeping,24,35811
Correy Robic,2277,Ethical Hacking,10,40682
Lisa Ginity,2985,LSS,11,46201
Krisha Leech,2421,Java,32,35751
Maury Kunes,2915,Airline Management,15,35668
Harland Sinnocke,1889,Horticulture,13,38787
Moyra Szymanowski,2404,VCAT,24,46175
Aleda Duguid,1578,RSView,32,34221
Jelene Pindar,1381,FDDI,28,46361
Marven Bawle,2227,DVD Studio Pro,30,39240
Shane Parvin,2185,RNAseq,13,45607
Lorette Hansom,1520,IAX,13,38649
Halimeda Davy,2675,Luxury Lifestyle,27,48547
Domini Buessen,2002,Kitchen Remodeling,1,44674
Reinhard De Witt,2012,GST,1,35317
Caddric Siddle,2248,Biotechnology,11,42509
Ealasaid Cicco,1841,New Home Sales,24,32452
Brian Greber,2892,Food Science,22,45279
Martica Rehorek,1020,Korean,25,33976
Bradly Tumility,2183,Online Lead Generation,31,36575
Rogers Cowill,1446,PCB Design,7,41786
Gregorius Jura,2211,Affiliate Marketing,31,44268
Carlie Jewar,2886,eGaming,23,35050
Gusty Bolderson,1396,Social Networking,4,45854
Gerrie Monkhouse,1113,CGL,24,33168
Kamilah Langelay,1250,SPC,11,35095
Hatti Tootell,2825,RDFS,18,49950
Mikkel Vicker,1487,Koi Ponds,16,49695
Nariko Mortimer,2394,TV Distribution,5,37379
Milo Faunch,1808,Zotero,28,45500
Peta Carabet,2862,Non-profit Leadership,7,48822
Angelica Lappin,2833,Customer Experience,18,31420
Dollie Carryer,1873,Governmental Affairs,15,42980
Ariel Liccardo,1258,Group Policy,14,45898
Ed Morch,2575,Mycology,11,49814
Karlen Mandy,2935,CADS RC,22,35236
Aida Seymark,2139,Payroll,20,37179
Mickie Dows,1824,Cardiology,13,33232
Stacee Colling,2131,LSAMS,29,34600
Olwen Larrett,1913,ZoomInfo,25,46152
Ingrim Brimilcombe,1248,cXML,9,48115
Jayson Reyes,1909,MX Road,26,32374
Barnebas Desouza,2750,Dynamic Speaker,12,38998
Chas Divina,2378,DTDs,30,35940
Gennie Swallwell,2187,Aquatic Ecology,14,39817
Blinny Smitham,1297,E-commerce,2,38982
Kimberli Opfer,2404,NVH,23,43649
Janenna Berrigan,1824,KMDF,29,41852
Kliment Cast,1247,PLC Allen Bradley,11,45159
Yurik Cheesman,2144,Abstracting,1,37426
Nickey Tremblot,1586,Type 1 Diabetes,10,46972
Jessie Van De Cappelle,1340,ITIL Certified,31,42810
Violante Naismith,1555,Hg,1,42838
Morgen Hannam,2939,GxP,22,45671
Lammond Meltetal,1467,Eye Exams,25,34968
Katharina Chaffen,1030,HDL Designer,11,38675
Fawnia Chinnock,1906,IETF,25,37660
Belle Bridle,1076,DFSS,14,38398
Felicia Gittis,1237,Time Management,22,46027
Audrye Coston,2446,PXRD,14,47297
Gwyn Corney,1863,RMIS,32,47969
Ashlen Sigart,1107,Runway,9,48542
Marylin Montgomery,1750,Yahoo Search,29,39768
Nancee Banton,2840,EEO,11,40427
Coretta Gother,2611,Blogger,13,40905
Dania Rames,2806,CVD,7,49710
Ximenes Callf,2516,Pre-opening,16,41065
Benny Manwaring,2498,HP uCMDB,4,41436
Consolata Hext,1933,Dysarthria,19,48432
Aaren Musso,2038,Resume Writing,31,45808
Alicia Kinavan,2492,HP Storage,24,48039
Pierrette Toe,1744,NI Multisim,22,32705
Lindie Loreit,1516,IBM Utilities,19,42264
Phip Jeavon,2023,TK Solver,20,32684
Emelyne Wardhough,2629,PNR,14,45915
Urbain Salery,2736,NX-OS,6,43569
Julianna Rought,1615,MFC,14,44790
Rodd Harflete,1290,iOS,8,43566
Liam Slyde,1799,UCS,12,41442
Adriana Rhead,1269,Microsoft Exchange,16,43689
Jareb Whitehouse,1220,IGMP,20,44187
Annmaria McColley,2233,IEX Total View,21,37501
Sib Twinborne,2699,GSA Contracting,11,30707
Joli Brumbie,1133,Literacy,18,43028
L;urette Brassington,1123,Account Reconciliation,17,39030
Dody Paulich,1600,IVF,4,39960
Evvie Billinge,1575,Kaspersky,1,42135
Regina Newsome,2690,DJ,10,38945
Malissia Talloe,2883,WPC,17,45701
Efren Habbema,2554,Mythology,21,35451
Tatiania Nairy,1167,Yardi,1,48560
Liva Presslie,2685,Tires,22,32913
Esma Sabbins,2388,Microsoft Publisher,30,36011
Theresa Spreag,2238,Ticket Sales,4,42456
Owen Lycett,2420,PTF,11,38856
Bette Mathissen,2755,Training,32,44077
Vanya Klas,1228,Client Aquisition,24,30050
Neila Ramstead,2266,DFX,7,32501
Winnah Dunbar,2782,Curriculum Development,12,43722
Deni Kirman,2096,Yelp,21,49133
Archy Pinckard,1967,Onshore,12,38574
Lethia Noddle,1334,Motivational Speaking,26,30001
Josi Raitt,2083,NX Unigraphics,10,45694
Alyce Marjoribanks,2703,HR Project Management,2,49615
Osbourn Dand,1363,DC-10,24,47023
Loydie Stukings,2535,Bank-owned Properties,32,41813
Pauly Frenchum,1327,Weapons,15,32522
Les Janas,1854,HLSL,8,49971
Nicol McCambrois,2016,Quality System,12,39996
Faustina Seccombe,2090,IFTA,23,44973
Maddy Gascard,1996,Oozie,3,46350
Lois Blodgetts,2531,Nielsen Data,22,47859
Nevsa Ellerker,2787,Wind,15,33141
Alverta Newark,1093,Green Building,4,46479
Keane Pryn,1737,Multi-channel Retail,25,35751
Alica Petteford,1317,Videography,30,35256
Elane Dulake,2016,Xetra,10,48484
Ruthi Kinforth,1855,Unified Communications,22,45152
Marti Daughtery,1319,Bit.ly,11,39459
Constancy Barwis,1591,Microsoft Office,32,36750
Astrix Fierro,2665,Green Belt,1,33301
Goldia Oxenham,2513,RRC,31,42918
Calypso Cayser,2513,PBASIC,21,32029
Wainwright Embling,1828,Financial Audits,26,43616
Keith Sergeaunt,1917,XML-RPC,20,35784
Nissie Sebring,1905,xPression,4,46326
Joanie Dyte,2044,ERP Implementations,9,34944
Dyanna Fullick,1712,RNA,6,41345
Far Malloch,2023,NBFC,23,41571
Malchy Mumby,1327,Geology,28,32669
Romonda Elldred,2583,CDL Class B,1,45503
Martynne Dundendale,2361,AC/DC,29,39283
Lyndsay Paragreen,1818,MLD,32,31639
Micah Coveny,2761,PCB Design,21,36035
Avery Castelletto,2273,VMware Certified Professional,4,46937
Perceval Osmund,2194,PXE,14,43087
Gregoor Tuxsell,1082,eEmpact,3,39155
Thia Nelligan,1821,Cell,27,31928
Alia Cutchie,1534,Piloting,11,34635
Bernardo Whaites,1333,GSA Schedule,18,44331
Sarge Fearn,2375,Yellow Book,14,37165
Kalil Kearsley,2833,Mediation,12,47100
Sheilakathryn Iacovo,2404,Risk Management,22,43131
Decca Tordiffe,1267,MSN AdCenter,15,33993
Ty Luxford,2579,BWA,1,37043
Rania Kilgallen,1981,Sports Writing,8,30492
Ancell Vickors,1469,SVT,9,34612
Stormi Shakle,1188,Iron Ore,11,45566
Isador Tambling,1037,Help Desk Support,19,38471
Vikki Fayer,1803,Microchip PIC,18,31489
Nyssa Shermar,2596,Ion,14,42510
Odelle Itzcovichch,1706,FMVSS,32,34863
Pooh Harsent,1285,TDP,31,46524
Alfy McIlwrick,2768,Norwegian,13,41192
Suzanne Cliss,2823,NGL,30,37330
Noe Shury,2846,Process Scheduler,6,49458
Sonya Huglin,2234,Drainage,30,38483
Amargo Rooke,1941,MLB,25,38216
Mart Hove,2300,Anti Money Laundering,31,48342
Davina Hustler,2372,CBT,9,36609
Cecilia Crother,1927,Process Efficiency,11,31463
Gino Dagon,2241,MHP,10,38308
Tully Yanukhin,2180,gSOAP,1,35906
Dagny Foord,2718,QALoad,9,35592
Susann Mohring,2247,Ebay Sales,14,40826
Brad Hordell,2546,MMA,12,42185
Pierce Warlawe,2838,Medical Illustration,12,40476
Lauralee Rohmer,1688,HMC,1,48253
Anstice Cain,2536,Make vs Buy,25,31125
Glynn Dymoke,2535,Web Content,26,41041
Nannette Stansbie,2468,WLI,2,42048
Anatole Gregorowicz,1034,Vector Illustration,13,48887
Dyana Latus,1030,BGAN,20,32170
Lisbeth Sinnie,1769,Firewalls,4,34158
Magdalen Geall,1294,Basel III,3,36474
Jolynn Danby,2566,HSRP,11,32532
Mufinella Limerick,2534,Cell,14,47669
Yovonnda Leacock,1556,BSR Advance,8,37996
Jasmin Andriveau,1382,Japanese,21,41975
Gustie Oakwell,1348,Ideas Development,23,43295
Adelice Ballaam,2047,CGI scripts,10,48235
Nevins Leheude,2190,VCI,25,42515
Calv Jacobssen,1890,International Law,20,38115
Thorpe Gwatkin,1283,CQE,14,43560
Susie Dumbarton,1627,XOG,4,37739
Chrotoem Buckby,1344,Invertebrate Zoology,7,47845
Lorain Poone,1007,RLM,9,42720
Audry Luno,1231,CDPE,25,39678
Ambros Leftridge,1076,Kuka,16,44170
Garold Janecek,2526,WMOS,20,30350
Annetta Beckmann,2536,GMC PrintNet T,18,30108
Fernande Hail,2834,RTDS,16,34494
Hugibert Pettitt,1649,Air Compressors,6,40307
Niccolo Penvarden,2340,LNG,25,47943
Marve Gooda,1264,DSE Assessments,4,32737
Ramsay Cowwell,2733,Budget Oversight,15,48246
Camala Found,1073,Wellbeing,18,44690
Phillipe Wicklen,2270,DVD Duplication,4,35129
Florida Arnopp,1513,RTP,20,46002
Uriah Gorvin,2058,Fixed Income,4,38110
Yuma Ceney,1553,GPFS,22,41904
Nikolos Cholerton,1253,SDS-PAGE,19,31995
Gearard Farnish,1723,Kondor+,21,37084
Bill Woodhams,2384,WS-*,7,38445
Gothart Matzkaitis,2627,DCM,13,40618
Levi Minster,2479,Web 2.0,1,31062
Anastasia O'Gormley,2972,Industrial Hygiene,7,36574
Luigi Hartburn,2162,Job Analysis,21,42173
Atlante Apted,2645,Piano Education,10,38523
Wade Beeden,2982,SAP SRM,16,38860
Mariann Edmead,1984,Amazon Kindle,26,43719
Kinny Rundle,2115,VA Loans,1,38021
Noah Trott,1605,FDCPA,16,32098
Tabbatha Rawsthorne,2852,Allergy,32,42315
Liuka Tomasi,2040,SQL Tuning,8,35925
Konrad Bastow,1230,SMT Kingdom,12,49280
Morgana Curgenven,2248,DCP,5,49425
Farleigh Wybern,2595,Supply Chain Optimization,7,46463
Jasmin Knoles,1777,dsPIC,14,39395
Isa Roly,2935,WDS,26,41871
Ainsley Billingsley,1727,JPAS,2,37625
Holly Savege,1810,Egyptology,14,48217
Jonie Eddie,1018,TQM,21,44428
Darlene Ilewicz,1840,Electronic Warfare,15,43829
Roseline Niemetz,2708,SPC,4,34477
Roslyn Coey,1702,Helicopters,4,30737
Lyndsay Paunton,2246,Radio Broadcasting,4,41236
Sunshine Chill,1524,HMI Design,16,48113
Sibyl Lumb,1800,Kinetics,22,49317
Lauraine Larkworthy,1017,Alternative Dispute Resolution,2,41322
Felic Maffetti,2597,NDDS,20,46890
Rodrique D'Costa,2375,EEO/AA Compliance,22,49398
Lenore Pyrton,1735,LSI,18,49277
Colver Jozaitis,1508,HMO,20,36261
Monroe Longmore,2044,Office Administration,6,42073
Clemente Greschik,1339,Human Capital Management,8,48935
Ebonee Leindecker,2641,Hair Cutting,32,41034
Stanleigh O'Carrol,2425,YouTube,22,41533
Donny Hill,2274,MS VC++,30,34982
Renee Iacivelli,1742,PPBES,5,47344
Valerie Nyssen,2566,Legal Writing,13,48718
Antonetta Semble,2942,Lucene,30,44912
Cloris Kimbling,2053,APO SNP,22,45244
Loydie Tother,1132,PHP,24,43461
Mercedes Clewarth,1492,DMU,26,45177
Truda Van der Kruis,2390,DBs,20,30168
Andres Jagels,2158,Ffmpeg,27,39446
Annamaria Badsey,2584,Olfaction,7,48760
Sadye D'Almeida,2588,LSS,18,30361
Stillmann Presland,2517,CVIS,2,31283
Nicolas Ramiro,2820,OB/GYN,14,38298
Nickie Jinkinson,1975,Erlang,8,46928
Errick Stutte,2992,European History,6,31976
Hyacinthia Woodeson,1627,Qooxdoo,1,49300
Judye Emmet,1743,TSP,30,44336
Lilllie Dufour,2452,AHU,7,42806
Silvio Voaden,2300,VM,30,47073
Othilie Mordy,2944,CT Summation,31,45149
Flss Myles,1015,Toad,5,49062
Annora Winslade,1037,RF Troubleshooting,16,39363
Lorinda Jerke,2343,CNN Newsource,7,44193
Arlyn Kench,2468,Rent to Own,3,49150
Jean Fierro,2670,JSP440,11,42975
Lucia Toseland,1582,NLS,11,33293
Lanny Moryson,1640,NS2,21,32925
Tarah Rupke,2470,Fences,20,45017
Merwin Eveling,1072,Phase II Subsurface Investigations,16,36727
Heath Devonshire,2022,Personal Development,1,48186
Ethyl McQuin,1330,Negotiation,28,40288
Weider Ben,1892,Troubleshooting,16,33787
Lalo Davidov,2624,ArcGIS,7,46258
Cazzie Melbury,1817,SGE,32,49880
Wynnie Trighton,1651,XSI,29,43712
Marcos Tavinor,2494,IFW,25,32934
Ashbey Roblou,2340,Start-up Consulting,16,37947
Marion Plumer,1978,HSRP,23,46738
Loni Maplestone,1669,XStream,2,31404
Veronika Giddons,1987,Bass Guitar,6,49106
Donny Covill,2546,Family Law,20,43814
Delilah Sapson,1680,Surveying,11,47935
Norris Glanister,1306,Vocals,14,47147
Margy Gall,1781,Zero Waste,10,38103
Birgitta McCorkindale,1108,FM Radio,17,39579
Skye Gouldbourn,1746,CRM,17,46944
Ward Tieman,1119,Following Up,29,41847
Ford Duncanson,1525,Buyers,27,33264
Flossi Lieber,2487,Petroleum Geology,7,40601
Iggy Cardo,1816,NUnit,3,35006
Darlleen Saladine,1780,Short Films,18,48887
Valaria Huckel,1741,DMEDI,16,47199
Alicea Lucock,1242,Business Overhead Expense,24,33638
Clemens Robberts,1464,CNC,18,38604
Fons Morland,2538,JReport,1,46334
Kyrstin Wherrit,2440,Executive Management,22,34680
Beniamino Winters,2905,Resume Writing,19,44594
Nikaniki Toopin,1562,SDH,16,44806
Klarika Seignior,2090,Fashion Photography,9,42192
Webster Showl,2380,Policy Analysis,11,32894
Hamil Beccles,2687,Shrinkage,2,36329
Bil Maddison,2355,WDF,12,48537
Mohammed Burcher,1791,DFP,17,31576
Thelma Andreev,1675,Navy,31,35810
Kristian Rosevear,1161,Kinesiology,17,35917
Timotheus Woan,1411,Subcontracting,5,43283
Astrix Shillito,1577,FTC,24,45225
Emile Covert,1273,SQL Server Management Studio,32,36687
Fran Greendale,2239,Black Box Testing,3,45866
Hattie Gover,1253,UCC filings,32,34567
Mirelle Reddell,1048,Dreamweaver,12,37102
Tatiania Uvedale,2376,Ppk,4,40039
Ellen Kauschke,2809,eBay,7,36093
Lowe Berriball,2778,Sports Play-by-play,26,35305
Stephie Shevill,1930,Agile Testing,32,38485
Jacki Lorenzin,1354,Vegetables,17,38837
Nate Isakowicz,1525,LNG,5,35435
Glyn Northover,1709,Television,29,34578
Colene Semechik,2295,Go,30,36548
Arther Parlatt,1188,Inventory Control,22,35689
Fanni Harris,1157,NRF,12,42217
Madelaine Cartmale,2017,Machine Tools,9,35531
Maia Chong,1936,IICRC Certifications,13,43976
Carilyn Kuhle,2440,Human Resource Development,29,36491
Robby Baike,2397,Motion Graphics,16,47274
Wendell Hatherley,1452,Segregation of Duties,20,30174
Audrye Gyles,2845,UK Corporation Tax,13,30731
Arron Corcoran,1196,Zephyr,8,44171
Tybalt Klemps,2634,Claim,24,41404
Dita Gramer,1030,SQL*Plus,28,44980
Page Grinter,2518,MCEV,32,39450
Seamus Thornewill,1488,GLP,29,41239
Anders McKean,1682,Epistemology,32,43450
Modestia Fletcher,2635,VW,21,43863
Amory Choake,2209,Customer Follow-up,32,37482
Jillene Eannetta,2440,Cd,30,42081
Marian Moylane,2370,CBEST,30,46247
Constanta Coggings,2445,AV,17,39218
Rozanna Galey,1471,Citrix,6,32528
Blake Petrishchev,1402,Emergency Room,20,48943
Lotti Edens,2803,TPM,30,42093
Decca Lordon,1266,VBA,15,39292
Kendell Shepherdson,1811,Overhead Cranes,11,43074
Baudoin Laugherane,1391,Zen,25,31486
Sharla Rylance,2432,XMind,12,40242
Virgina Snelling,2382,PFGE,24,48167
Lorrin Kubacki,1953,CMC Regulatory Affairs,3,44204
Lazare Sterndale,1524,Major Gift Development,8,34315
Marti Brantl,1322,JGroups,22,47907
Cristin Stebles,2980,Dog Training,21,41915
Reilly Allward,1606,Quantitative Analytics,31,40501
Pollyanna D'Alessandro,2973,DDA,24,45491
Gawen Biers,1400,iPad Development,17,31643
Nola Huonic,2783,Sales Management,24,34547
Carlie Diack,1905,Wireless Networking,22,31139
Weber Kaplin,2821,DNA Repair,18,43913
Dory Rentelll,2608,User Acceptance Testing,30,36738
Godiva Velte,1293,Ultiboard,16,32356
Etienne Mulbry,1589,Capital Equipment,27,32720
Therine Janosevic,2179,IR Spectroscopy,5,34465
Carlotta Harriss,1808,JUnit,9,32504
Laurens Skepper,2793,HPHT,5,39416
Joceline Rounding,1237,Petroleum Geology,26,46775
Leonanie Sharpless,1438,Title Searches,13,43807
Teodorico Craghead,1455,Big 4,18,30903
Cristie Verdy,2058,GPIB,23,47610
Celle Keal,1926,RPD,15,33210
Beulah Tesimon,2550,Key Opinion Leaders,23,32326
Ilse Escreet,1341,Ethernet over SDH,20,42005
Kittie Hansen,1680,European Languages,6,41555
Kipp McRorie,1648,Document Drafting,17,45923
Pavia McCromley,2663,HP Procurve Networking,25,38558
Clayborne Hearn,2380,QAC,22,48074
Karlen Tomsa,2531,Power Systems,1,44823
Nickolas Curran,1646,MCS,18,33700
Catherine Desporte,2277,TMJ Treatment,30,33620
Kale Culligan,1854,Bartending,4,34592
Celisse Peret,2070,UK Bribery Act,4,30170
Kris Cradock,1735,3Com NBX,26,45558
Aguie Blondin,2147,QRadar,1,35209
Rollie Greason,2074,LSP,27,34736
Moishe Shurmer,1083,Beauty Industry,4,34817
Rosetta Malkie,1875,Non-profit Volunteering,20,36328
Natalee Curado,2061,Pensions,16,41989
Nathanael Pole,2051,IEEE 802.11,8,33817
Madella Befroy,2832,Alzheimer&#39;s Disease,26,49707
Adiana Cejka,2605,CQE,5,38407
Harlie Harden,2182,IP VPN,11,34699
Cristal Giffon,2384,NLTK,4,30851
Krystyna Waywell,2211,FDMA,27,39131
Corine McVane,1964,Wiring,32,45257
Abraham Clint,1646,NAS,22,39682
Birgit Dewi,2463,solid-state NMR,27,49524
Olvan Blackey,2003,Company Set-up,13,31422
Zollie Collard,2020,Life Sciences,23,43611
Averill Tyre,2189,CPOE,5,44670
Greggory Beane,2952,Rheumatology,31,42014
Lenka Dealey,1102,MTT,17,49257
Colet Basketfield,2752,GTM,26,30412
Kip Armit,1637,Footwear,11,32738
Susanetta Marshman,2303,Office Equipment,21,35705
Riva Klais,1764,UK Immigration,2,31100
Heddie McKnockiter,2684,MBOX,12,47600
Fifine Roy,1087,Ultrasound Therapy,12,36389
Roxine Pray,1916,UTP,30,45312
Preston Verling,1436,DOS,11,49434
Lincoln Sustin,1838,EPANET,20,35295
Jandy Foister,1451,Airports,16,45778
Floris Attride,1087,OAS,10,36116
Ariella Hellwich,1035,VSAT,3,35452
Gwennie Vandrill,2193,Metal Fabrication,19,41159
Lemmie Kobieriecki,1280,Order Fulfillment,29,45588
Ofella McTavish,2228,Ethernet over Copper,6,36279
Emmalynn Vigietti,1402,MV,30,42855
Hermina Guwer,1394,Network Architecture,4,42988
Alaster Jaques,2922,Dtrace,12,48229
Kathryne Cawse,1460,Animal Behavior,22,47245
Trent Fielder,2094,GNU/Linux,30,39068
Gipsy Fairpo,1041,PCRF,5,35714
Carl Beaby,1072,Omegamon,17,43654
Antonin Braden,2396,Luxury,16,31702
Nancee Batterson,2513,UMA,28,39792
Danika Baldoni,2422,TBMCS,9,30525
Claudianus Ellis,2610,SketchUp,21,48404
Jenine Paddon,1972,Homeland Security,26,41833
Garland Castanares,2893,Vulnerability,11,35048
Vidovic Corinton,1131,CQ5,27,47802
Mable Mead,2805,Radiology,24,38543
Pauly Marchbank,1119,Mutual Funds,7,45054
Lotta Ferres,1429,Media Planning,16,48471
Sandro Letty,1835,SSPS,26,37833
Lind Peinton,1975,Sheet Metal,20,33155
Sabina Faircloth,1521,Kaizen Leadership,6,48053
Lorie Ring,2939,Continuous Improvement,23,48336
Terence Bruhnke,2047,Forklift Operation,2,44351
Esma Pauluzzi,1629,NDM,10,40043
Shana Podd,2711,QS9000,7,38088
Jemima Vasyagin,1603,Welding,17,47150
Quinta Chapelle,2981,Dublin Core,23,33784
Magnum Volker,2298,Middle Office,30,33143
Yoshiko Brassington,2076,R&amp;TTE,9,43105
Eba Lacey,1394,VSTO,31,40138
Livia Bulch,2403,JCO,3,33480
Clarette Hens,2912,Piping,14,45869
Abe Attoe,2474,Online Travel,19,40101
Lyell Pitrasso,2442,For Sale By Owner,26,40576
Albert Peotz,2177,MDT,7,43545
Mel Dacre,2940,Jive SBS,21,40643
Orazio Howarth,2353,Non-linear Editing,27,36472
Dicky Cisar,1225,Bartending,19,49602
Dede Drillingcourt,1402,Chemical Engineering,17,40310
Phineas Gowland,1727,Youth Development,3,32078
Kristoffer Serjeantson,1085,Oil &amp; Gas Law,12,41131
Melania Rickson,1325,Social Media Marketing,17,32892
Theodor Molden,2577,Interviewing Skills,6,46209
Red Retchford,2709,RTM,9,41369
Raimund Camm,2551,HFC,18,32971
Lewie Golledge,1478,LyX,15,35057
Jaquith Gillyatt,2974,HDF5,17,45297
Early Le Pine,1237,JTAPI,25,33418
Joellen Diggle,2280,Title IV,2,33625
Nanette Petzolt,2815,Portrait Photography,22,42934
Nedi Muckloe,2078,Media Relations,28,43789
Rubie Backwell,2323,Payroll,7,34320
Dur Todaro,1267,GPFS,25,43681
Carmon Woodcraft,1329,Hyper-V,28,38152
Alyce Baltrushaitis,1432,VDI,13,47947
Nigel Tinkham,2258,Social Media,3,36588
Ronnie Bottrill,1432,NBAP,31,49630
Grier Wraighte,2949,Grocery,10,37279
Dorie Duddle,2319,Oracle RAC,10,42177
Dore Dugue,1192,Cloud Computing IaaS,25,39119
Blondell Finley,2395,Youth Work,25,33591
Perkin Stuckow,2164,Team Effectiveness,5,48675
Merna Phythien,2799,FMA,18,32741
Sindee Iacofo,1116,RMDS,13,48329
Jackqueline Boomes,2063,DSLR,30,37394
Daryn Needham,1522,JavaSE,1,39172
Eduard Tovey,1498,WSS 2.0,2,36299
Jaime Sawdon,2301,zSeries,14,39800
Gwynne Doe,1902,Sensory Evaluation,16,46124
Davidde Arpe,2538,American Welding Society (AWS),12,36151
Carlye Long,2715,Mycobacteriology,19,33615
Tabb Jedrych,1126,Kitchen Remodeling,28,42267
Margaretta Mothersole,2022,Musical Theatre,3,43406
Thaxter Gair,1126,BPCS,16,43367
Beltran Iwanowski,2582,Data Collection,16,42759
Nat Meech,1213,Golf,16,36499
Min Manville,2862,Aquatic Ecology,32,34875
Denni Srawley,1683,Hunting,27,46191
Kyle Girardoni,2209,Ethernet,10,39794
Grantley Suggitt,1417,MQSI,4,38736
Kerk Mottinelli,1358,Press Releases,16,42226
Sallee McCaffrey,2592,VLDB,2,47341
Elwira Lanchester,1919,Performance Appraisal,1,32897
Yvonne Twigger,2700,Training,3,35790
Eric Nasi,1085,GNS3,21,42215
Clary Addington,2582,PBIS,11,48003
Stacy O' Neligan,1808,Banking,21,44699
Cole Wooffitt,1861,SFR Certified,28,45558
Kellen Minihane,2676,Business Objects,30,37668
Bradly Marchi,1029,FM Radio,7,45122
Whit Gosker,1401,Medical Ultrasound,7,30514
Noami Grissett,2452,Lustre,16,41937
Jaynell Prestidge,1796,PPP,26,42156
Jasmina Kiss,2632,AOI,27,34881
Casi Probey,1834,Catalyst Switches,18,49096
Terence Popov,2600,Glass,31,37654
Aldon Snasel,2748,Offshore Oil &amp; Gas,21,36800
Lana Davidzon,1296,Tour Management,24,35505
Ebonee Leber,2006,QA Automation,24,32449
Latashia Snaith,1741,Flame AA,30,39293
Siusan Banville,1984,Change Orders,1,49299
Janene Roony,1305,Yellow Pages,13,35229
Madelene Fearick,2727,JRun,7,35139
Ellary Hallgarth,2359,Ab Initio,3,49984
Lucia Strowger,2638,Arbitration,14,42790
Tessi Stotherfield,2294,NI Multisim,24,49252
Elana Coyish,2843,PDM Works,5,43958
Jennette Matiashvili,2152,Document Imaging,28,45410
Standford Stripling,1076,FFT,9,33313
Gretta Kaubisch,1206,Aesthetics,17,32408
Linette Normaville,1653,Injection Molding,21,42328
Michele Woodcock,1339,IRI Xlerate,15,44462
Bernie Livock,2996,SBT,26,47237
Sidonnie Sands,2069,Visual Effects,24,39006
Athena Schout,2436,IBM AIX,17,45238
Lona Dicken,2057,Carrier Ethernet,6,34564
Enriqueta Olive,1749,Security Audits,8,36734
Artur Jaime,2880,Www,1,40927
Vikky Birch,2096,TSP,14,40232
Erhard Thomas,1761,Sound FX Editing,3,43822
Tanney Wahlberg,2414,Import,19,49708
Zebulon McAvin,2132,BTS Installation,4,45555
Mozes Tetsall,2213,Youth Engagement,28,40324
Sloan Soldi,2875,Azerbaijani,7,42992
Conway Kiossel,2060,Guest Service Management,8,30248
Gideon Correa,2297,NRP,32,36794
Ransell Smolan,1711,GCS,30,49031
Drusilla Guiu,2355,uC/OS-II,23,36983
Lonee Shrubshall,2139,UART,3,37439
Hayley Le Houx,2997,Information Technology,6,36889
Pablo Morant,2689,DDoS Mitigation,11,43527
Nert Pirnie,1024,Cash Flow Forecasting,24,45435
Cob Dingle,2606,JCreator,12,37619
Deirdre Matyas,1370,Foreign Affairs,17,39972
Anet Stoddard,1886,CPP,15,49069
Cori Blanking,2628,Smart GWT,25,44553
Turner Tritton,2676,Urban Geography,28,36173
Esmeralda Pegram,2692,Web Typography,7,35412
Terri-jo Woodvine,2989,SD,19,46388
Lion Blondel,1391,Kronos Timekeeping,13,33770
Polly Chugg,1569,RFP Generation,20,43233
Raynor Courteney,2467,xPON,8,39612
Broddie Napoleon,2601,SSH,20,38169
Murvyn Antunez,1385,Cognitive Psychology,1,48128
Delmor Ferrige,2706,CentOS,9,35274
Georgy Mandry,1480,DDTS,31,49648
Amanda Swetman,2111,Psychological Assessment,23,47910
Karylin Rayhill,1728,Television,30,38566
Candis McCaughen,2836,Fermentation,2,31489
Aksel Szach,2443,GSA Contracting,3,45002
Rori Eskell,2548,CCNP,15,40467
Tiler Willey,1829,Import,29,39015
Pooh Drew,1021,WPA,10,48548
Charyl Rayne,1191,FMLA,6,44982
Bendick Pilsbury,2845,HSS,21,36131
Gilberta Dewick,2217,CBOT,3,33267
Gearalt Davidowich,2652,Commercial Aviation,21,45311
Karim Lacroix,1716,IxLoad,19,31298
Allianora Vaen,2617,Employee Engagement,13,33353
Erna Brotherhed,1769,CD packaging,9,37689
Barbabra Allum,2007,JBPM,2,45400
Ollie Merrikin,2024,FCC License,27,43304
Anderea Linfoot,2624,eBay API,25,36535
Addie Capelle,2028,Venue Management,15,39127
Cinda Truscott,2885,Public Safety,21,38646
Heall Tomasino,1388,Clinical Development,14,39214
Joela Fosdike,2154,Flatbed,1,49911
Gisella Marjanovic,1951,Energy,14,43812
Diandra Soigoux,1570,Mental Health Counseling,5,42887
Ruben O'Connell,1060,Work Effectively,19,45517
Ros Skea,2621,Black &amp; White Photography,8,34843
Fergus Barnett,2526,UPS Shipping,29,31030
Patrice Gallen,1836,PTP,3,33423
Alene Gabbitas,2448,Winning Others Over,3,49783
Jenny Canto,2624,Requirements Analysis,22,36584
Carlos Byars,2173,NCIC,9,38623
Bennie Werrit,1584,XP Professional,30,33400
Townie Bessent,2112,SDL,24,31894
Thia Basillon,1545,DMT,15,33395
Nathanael Bellinger,2009,ERISA,18,34291
Anastasia Easson,1165,NSI,25,49280
Carmelita Phidgin,1666,Newspapers,25,32070
Mariam Osmint,2740,Lead Generation,22,46536
Linn Evill,1018,JDE CNC,2,33122
Oberon Ida,2224,Organizational Development,5,40765
Page Barlee,2308,Photography,29,40302
Cammy Leonardi,2064,Nursing Care,16,43249
Paxon Daleman,1462,SFDC,32,33342
Eustacia Keddy,1195,Commercial Aviation,13,45837
Michal Henighan,2888,Psychometrics,26,32598
Shirleen Langworthy,1174,TTD,24,39120
Omero Emanueli,1411,APO SNP,28,32111
Van Kimmerling,1986,Dubbing,31,46151
Davon Clemow,2969,Fiber Optics,1,34934
Clywd Muggleston,1741,Oxygen XML Editor,29,47498
Kevan Voisey,1402,GMLAN,8,39696
Dory Dannohl,1535,MLD,16,42223
Shirl Sedgemond,1659,Guest Service Management,9,35513
Dallon Barthelme,1698,Etching,7,37578
Jeri Bradnick,2418,NSPS,2,42805
Stearn Bohman,1324,Acting,32,39923
Danyette Harbidge,1491,HDI,17,31841
Robina Wernher,1770,KWI,21,45517
Haydon Pearmain,2745,DP,4,41182
Harman Colleer,1080,Capital Markets,8,32084
Yuri Mapowder,1465,NS2,18,39873
Tana Elce,1929,VSTS,30,31258
Willie Kornilyev,2850,TCL,4,42121
Gregg O'Regan,1395,Bank Reconciliation,17,41320
Tome Silkstone,1945,Aerial Photography,29,48286
Linc Walburn,2181,SNF,27,44038
Willa Crafter,1153,Medical Education,15,49542
Shawn Claque,1197,PMI,7,33810
Garey Candlin,1549,JIRA,1,38077
Harli Ricci,1323,nCloth,4,37312
Lisabeth Geraud,1626,Flex,14,45658
Hendrick Massenhove,2966,GML,21,44334
Arlin Tollet,2175,QPS,27,43425
Carolin McLaughlin,2725,MPower,3,36938
Dianemarie Davids,1292,YUM,29,42257
Elisa Lohde,1916,ISO 14971,28,35249
Kaleb Braniff,2750,TPX,21,36130
Oona Batterbee,1202,nVision,26,47895
Monique Blakelock,1771,Start-up Environment,2,45938
Rosella Gilbane,1185,MCEV,12,45065
Pammi Bliss,2778,MPBGP,1,36326
Linea Lyttle,2452,SSOP,19,49661
Melisent Bartoszek,1324,UK GAAP,2,30802
Ranee Mardling,1377,Urban Redevelopment,4,46249
Ashlan Bottle,2399,NDA,15,32982
Enrico Cunnane,2600,GPC,32,47128
Katharine Manilo,2467,CGI/Perl,16,48268
Clarabelle Bousler,1123,Phase II ESA,17,33518
Mikaela Alexandrou,2665,Portrait Photography,32,41553
Blondy Kloss,2502,JDE One World,20,32365
Amalea Liddington,1232,First Aid,13,39958
Kip Plastow,1726,CNS disorders,32,47943
Kimberlyn Calderon,1772,Amadeus GDS,18,33300
Halette Poskitt,1713,European Politics,8,38357
Randene Greneham,1967,FS-CD,18,32210
Elna Davy,1653,Cell,2,46183
Marice Girdwood,1810,TPX,21,35096
Arv Eastcott,1425,PDMS Design,32,31571
Rog Geggie,2337,XMPie,21,32006
Raphael Unwins,2255,High Availability Clustering,31,38907
Brit McCaskill,1083,Hatha Yoga,10,41304
Whitman Shapera,1484,DGGE,16,36372
Winston Battyll,2505,MYOB,18,40448
Winfred Keggin,2803,Union Avoidance,32,43396
Cathrin Edmott,1734,RRIF,15,30238
Adora Shinner,1794,5 Why,17,42514
Kelvin Vanshin,1806,Airframe,32,47429
Chrisy Fouch,1976,Radio Production,29,40134
Malcolm Spottiswoode,2770,cGMP practices,15,44943
Pall Hallford,2740,WYSIWYG Layout Tools,20,49042
Jacquie Sighard,1140,Artistic Eye,23,47450
Benedetta Lorking,2818,PMD,29,30070
Burch Whilde,1403,MyEclipse,7,35989
Bond Voice,1907,Home Owners,25,45346
Ly Fargher,1237,IT Solutions,19,40575
Gayelord Gounot,1838,FCS,11,35541
Tedi Kattenhorn,1380,SDL Trados,17,33273
Charyl Munnings,1465,WWAN,20,36597
Marcelia Stubbe,1345,DDR2,32,42182
Cornall Gandley,1831,CSS,21,46813
Osborn Confait,1407,UCaaS,29,48457
Banky Samuel,2713,VB.NET,24,48048
Clerc Tunbridge,1673,TIG Welding,13,45885
Anallese Elsie,1100,Whole Life,15,45036
Morissa Rickson,2172,Google Earth,29,37317
Evania Somerton,1110,Czech,1,34155
Tomkin Reditt,1981,Ultipro,5,49933
Artur Bruty,1166,Book Reviews,29,39145
Mariam Fried,2664,Java Enterprise Edition,1,40101
Hermione Irvin,2396,Copy Editing,31,32583
Darda Maillard,1835,Project Engineering,7,47438
Kristel Paulou,1540,Corporate Law,13,44277
Fania Braunds,2008,EEPROM,9,33016
Leanora Bendle,1561,Revenue Cycle,22,44983
Granthem Deverille,1423,IDS,4,31556
Connie Mandre,2116,Overseas Experience,29,31055
Alicea Grewer,2375,Journals,29,45083
Jenilee Melson,2751,Value Stream Mapping,22,34303
Sigismond Guerra,1849,AAMS,19,31207
Maggie Knowlys,1481,Board Development,22,34531
Melloney Rushbrook,1037,Luxury,20,45556
Vinson Brando,2774,Payments,16,34566
Isac Juckes,2704,OLE,14,42133
Clementina Pearmine,1233,UIX,24,38725
Daune Feedham,2782,WFA,18,39002
Pia Gilligan,2701,WLR3,22,31724
Willard McErlaine,1687,Current Affairs,4,30713
Rosabelle Ceschelli,1885,21 CFR,15,30462
Keslie Costanza,1659,LTD,17,41308
Jere Vercruysse,2116,Drilling Engineering,7,33669
Tommie Simonds,1386,Running,5,36730
Ailis Neasam,1469,ASME,29,46503
Morgen Lennard,1478,Sh,5,35753
Christal Ketton,1407,PY,21,46070
Oneida Woodrow,2344,FBCB2,11,32759
Freddie Deniscke,2136,Kickstart,9,39104
Nita Foote,2190,Visual Effects,21,35938
Sibel Klazenga,1037,WebLogic,30,32709
Dodie Cumbridge,2128,VMware Fusion,25,32777
Tucker Toffetto,2126,Product Launch,31,43169
Domenico Cardall,2063,Pulse Oximetry,16,34683
Jolyn Huncote,2991,DNS Administration,32,47440
Cobb MacManus,2367,PFEP,31,45845
Alysia Chapelle,2127,Blog Marketing,2,43753
Martyn Sarchwell,2319,DWDM,25,46446
Clary Jinkinson,1997,GSS,17,33220
Jodee Stonbridge,1759,SWAT,28,38000
Theodore Alonso,2040,DDIC,20,32636
Elfrida Ruecastle,2651,Digital Marketing,24,32555
Jess Parnby,1749,SMT,5,47624
Nobe Fourmy,1647,MVA,28,37487
Cob Leyre,1991,WTL,11,39185
Valery Stiven,2309,ISO 9001,8,44723
Vicky Truckell,2003,Rural Marketing,18,38557
Claybourne McLaine,1980,Mechanical Engineering,9,38178
Solomon Huddleston,1700,DMR,11,39274
Ferdinanda Ellar,1164,IT Governance,22,44798
Willi Wickrath,1279,Kundalini,11,38193
Leodora Claughton,2797,JD Edwards,16,30305
Oswald Fidgin,1095,IEC 60601,31,35383
Hilario Clemmitt,1840,CBORD,1,39894
Teodoor Lambarth,2827,RS485,19,34384
Tedman Lindmark,2306,Cell Biology,14,43620
Leanora Addams,2567,Commercial Banking,19,35983
Clay Aslum,2455,Job Search,17,41198
Yelena Stopp,2151,KNX,14,45535
Orsola Dallin,2831,CDL,15,35811
Sandi Becerro,2449,Journal Entries,17,46275
Moyna Cashmore,2682,PDMS Draft,18,30639
Layney Baudoux,2221,Life Cycle Assessment,16,35667
Hilly Vlasenko,1007,TVPaint,31,30364
Ogden Whalley,1742,Piping,9,45495
Keefer Dixon,2060,DVD Studio Pro,24,42141
Robinson Ellingford,2315,gSOAP,21,47213
Ciel Welband,1986,American Sign Language,21,37681
Marrissa Dennant,1560,MCSA Security,32,48937
Adriana Craigie,1779,Ethernet over SDH,1,33293
Shina Medgwick,1344,Healthcare Management,5,33680
Kirsti Dewing,1011,Pyrotechnics,13,40823
Basia Shacklady,2288,High Sense Of Urgency,25,46539
Sadie McKeady,2410,LLDP,14,37051
Perri Floyde,1777,BPD,13,35403
Danyette Greenham,2882,Eiffel,3,49801
Mateo Othick,1942,Oscilloscope,23,48253
Neil d' Elboux,1104,Custom Furniture,18,33265
Corinna Lockyer,2715,Variable Frequency Drives,17,39884
Trista Stienton,1855,Defect Life Cycle,22,44704
Katheryn Repper,1664,CNC Programming,6,42880
Laverna Lockery,2426,Boat,26,43469
Baillie Maass,1736,CTR,10,49797
Esteban Broadbear,2571,Aerohive,12,42268
Yovonnda Woodage,2670,NFS,10,39784
Michaella Cortin,1227,Brand Development,4,44851
Sherry McCarthy,1309,Pro-IV,16,43953
Reynold Dungay,1616,TV Distribution,7,41561
Fleurette Piell,1734,Tactics,13,49568
Marisa Gerhts,2711,Music Production,14,35758
Bianca Kender,2346,NFPA 101,11,31181
Papagena Fuente,1526,RFQ Development,25,48579
Colette Olyonov,2622,XSLT,15,42618
Nikita Derycot,1362,FF&amp;E,17,34182
Ileane Tarn,1012,RPOs,29,42612
Viviyan Celez,1651,Geology,21,42643
Silvanus O'Fogarty,1929,Sybase SQL Anywhere,6,40366
Sebastiano Gilleson,2112,Time-efficient,17,35781
Baldwin Osmint,2666,SDH,22,33478
Gav Jedrzejewski,2799,Oracle ERP,13,46377
Rafael Diggar,2676,GSI,15,33696
Doyle Rosenhaupt,2965,Xerox Printers,19,42310
Carine Cambden,1472,ASIC,18,37802
Susi Ferrar,2698,Team Mgmt,8,44307
Harley Ortzen,1189,Driving License,13,35024
Jodi Brumpton,2390,Brochures,24,42593
Giacinta Eastcourt,2362,European History,13,36535
Mill Grisenthwaite,2048,PBIS,16,32354
Nessie Iddison,2999,Db4o,28,34253
Aldus Chesnay,2349,Awk,13,43080
Barron Holdin,2696,Machine Tools,14,32872
Orazio Boyd,2577,Study Abroad Programs,16,49670
Napoleon Saunter,1675,Functional Testing,1,36580
Alena Sired,1119,Operations Management,8,41298
Enrichetta Grinnov,1867,SQL PL,24,45012
Will Wildash,1050,MDSD,2,33125
Aryn Bott,1859,IT Recruitment,26,43374
Gracia Inkles,1253,Mixed-Signal IC Design,2,42622
Ephraim Spinnace,1098,Kindergarten,2,39524
Oates Caldero,2754,NMock,16,39790
Orrin Leek,2530,Xpress,6,43346
Xymenes Cornwell,1883,RC Detailing,18,31824
Gris Giraudo,1242,CSCP,27,35007
Duff Gaynes,1941,Hospital Sales,29,45215
Odella Derycot,1895,Physical Therapy,1,33452
Binni Chewter,1061,Lyris ListManager,23,40396
Karlee Camell,1835,FMEA,27,37123
Sayre Barosch,1671,Economics,14,44071
Pauly Meadley,1840,Access,8,31244
Garv Rishman,2871,Elder Care,23,39048
Myrwyn Cullabine,2359,Zero Waste,30,30644
Ingram Ewols,2234,Dubbing,19,32682
Mallory Bouzan,1262,Offshore Operations,3,38232
Meade Gouldie,1024,JP54,18,44663
Mabelle Wafer,1565,FBA,13,41409
Harv Safont,1055,Okuma,22,35312
Cindee Bethel,2797,Hyperion Reports,32,32311
Rodrique Stove,2361,GPU,3,43095
Marion Yakunin,2007,PDMS Draft,4,33104
Huntington Marjoram,2167,qRT-PCR,10,34884
Quill Knibbs,1056,Xenix,16,44504
Willyt O'Breen,1052,Izotope RX,25,36875
Correna Scoggin,2552,Agents,6,33754
Cherianne Lefley,1641,DFU,13,42417
Alexandre Peeke-Vout,1089,Outlook Express,14,35881
Easter Bartolomeu,2261,IR Spectroscopy,9,32467
Giulietta Elizabeth,1116,Green Belt,13,42445
Alyce Penvarne,1314,Total Cost of Ownership,21,45342
Chryste Karlolak,1391,GTK+,8,49720
Ase Oultram,1964,NT Backup,25,47668
Evelyn Moseley,1329,Pediatrics,24,49133
Hephzibah Pirelli,2703,CMake,31,40404
Rosemaria Dumper,1636,TNS,7,49326
Matthew Puddifer,2256,PGA,2,32981
Claudetta Pickerell,2090,Stand-up Comedy,19,36143
Molly Duffett,2241,Wrongful Death,28,46908
Wit Gettings,1145,Two-factor Authentication,23,33950
Alanson Foad,1767,Differentiated Instruction,10,36323
Cecilio Hazlehurst,1596,Newsletters,13,34005
Corbet Garlant,1788,Kantar,13,40438
Starlene Branscomb,2928,LNG,14,34665
Charmain Challen,1881,Cisco Call Manager,27,41078
Ciel Gallard,2575,DVD,4,45441
Gabey MacKowle,2952,Zebrafish,16,49547
Lewes Wessell,1626,Atomic Absorption,1,44987
Emmery Biskup,2504,MLP,31,46046
Hobie Nono,2036,DDIC,21,43582
Belicia Smitherham,1702,Global Human Resources Management,30,42071
Briney Joffe,1944,IBM AS/400,2,34437
Thaxter Sindall,2510,After Effects,25,39162
Conrade Jillis,1863,MDF,26,30572
Aeriela Vickar,2113,Union,14,31949
Alidia Othen,1999,qPCR,28,34669
Phelia Teasdale-Markie,1512,XSS,31,44827
Zacharia Brawn,2750,MBAL,20,48432
Mari Keggin,1468,ISO,15,33684
Nicolle Timmermann,1283,RDF,8,44038
Ernie Noe,2681,Ownership,12,33355
Faith Gilvear,2238,Documentation,21,34011
Twila Huriche,1661,Overseeing Projects,12,44121
Mia Whitsey,1063,Functional Training,11,32779
Woodrow Aitkin,2120,Hypertension,22,36524
Agathe Carn,1095,SDH,1,39307
Lambert McMenamy,2180,Functional Verification,2,41473
Merilee Forcer,2288,Blackberry,4,42374
Allen Hoopper,1245,Waste Management,29,38771
Mildred Kimmins,1580,Classical Guitar,3,41543
Ruprecht Cochrane,1735,Yin Yoga,7,48345
Sula Marieton,2808,Diabetes,21,30306
Aurlie d' Elboux,2011,RWA,26,48798
Trula Dives,2415,IKB,7,44380
Weston Cridlan,2985,eEmpact,6,43369
Aharon Studman,1869,DLX,2,45493
Charo Blamires,1500,TMF,19,38530
Bonnibelle Alliban,2409,CPG Industry,22,32303
Dukie O'Brogan,2171,RTCP,23,36002
Aurel Greveson,2915,RP,32,36551
Nikoletta Fedorchenko,1906,QPS,32,33699
Harland Boles,1987,Lean Manufacturing,6,48739
Yettie Fairey,2201,NHPA,12,37126
Claudian Treadgall,1063,Numerical Simulation,14,34648
Danya Dutch,1104,Black &amp; White Photography,27,40967
Skippie Gohier,1685,Valuation,15,34188
Bartie Maase,2227,DTI,14,42229
Andris Ballchin,1558,MMIS,19,35317
Curry Cardenas,2821,Credit Analysis,11,36845
Kerk Thain,1474,CSRs,22,48504
Laughton Haggata,2874,Sports Nutrition,25,47418
Shelley Dust,2188,Architectural Illustration,31,38580
Joana Koenraad,1666,Sleep Disorders,3,43534
Rey Carnow,2549,Power Electronics,9,41055
Nat Sigg,1012,TNCC Instruction,27,47160
Ezekiel Draysay,1176,Ulcerative Colitis,6,45202
Elfie Huscroft,1701,Information Security Awareness,20,36395
Bernarr O'Ruane,1589,Swedish,28,35401
Eberhard Holligan,2096,CPLEX,17,38351
Wilona Breslau,1528,Ericsson OSS,4,48897
Panchito Gateman,1188,Rheology,9,38274
Lucille Doggett,1848,PeopleSoft,27,35538
Phillida Oldrey,1149,RFI,17,35183
Jocelyne Wickie,1720,Ppk,17,39863
Savina Prewett,2446,Konica,2,32356
Dolli Grindle,1700,HTML Help Workshop,23,49289
Opaline Dormon,1182,Pro Tools,6,40291
Kristos Beaten,1772,IDL,4,36052
Althea Trundle,2951,CFML,1,45562
Amabelle Bride,2113,VO,14,37711
Vanda Ferber,1322,System Deployment,19,45243
Jefferson Bedell,1112,VBScript,16,30049
Hannah Masdon,2412,Non-profit Administration,26,32639
Georgeanne Harcase,1395,SQL DB2,5,31461
Gaynor Robertson,1632,LDRPS,15,38703
