id,nombre_jugador,genero,edad,ranking
IT88 M366 6337 157I VU7Z 2A9F ZRK,Rubi Tawton,2,24,90
SK50 7108 0970 1892 0159 5246,Stephine McCallister,2,19,16
VG30 GZPG 9296 0568 1032 5092,Quintilla Geaves,1,21,16
KW05 HOCI OMOI HIHQ DLWB NWBX NYOT WM,Winthrop Tebboth,2,19,97
IT64 V418 0005 928B VFZP KZRK GIC,Lindsay Dutchburn,1,22,23
BH09 XPNO GI3W AYDS S0J7 RB,Margalo Grinnov,2,25,39
TR36 6405 1DCS 2GPX E4EZ YYGE PO,Krissie Jeremiah,2,20,40
MD97 S1WR IXGA 28BL IE9Z YML1,Norene Call,1,19,47
AE77 9791 6099 6355 4128 090,Korrie Rains,2,22,21
LV72 JAWC K8JE UYHP 1BMI Q,Darcy Sherringham,1,18,34
MT51 OFMU 4461 3UJS XLAV 9WTE YTNF PBL,Marve Whyler,1,18,2
RS93 5901 8570 3398 3843 12,Lexine Mewes,1,25,51
AL34 3499 0049 5BZ9 C9TA GQHD QCSL,Libbie Perry,1,21,58
GE38 TM13 8396 1954 7849 89,Gerald Tichelaar,1,25,52
RO66 XFIZ CYXU WJAT 506H MP7T,Carmella Vevers,2,22,79
BH50 VNRP 5SRN NYII 9RL3 O0,Clemmy Hooban,2,23,24
FR43 6977 9171 545E K35F E0N1 Y64,Emmy Boagey,2,21,70
ME51 2409 6368 0719 1672 25,Elnar Masdon,1,20,83
GL41 2346 8606 6030 09,Allyson MacIntosh,2,21,13
LT97 8036 4265 9631 9953,Arda Kalinovich,1,25,7
BR10 1471 8760 9552 6232 3631 922U 8,Janina Kissack,2,24,39
AD81 8436 7280 U7UU GNZQ 9RTK,Paulita Seiler,2,24,66
SA59 68FP UZLW CY7A LMOY MJPL,Alfons Casa,2,18,18
FR84 1795 3645 99FA EBGD HQFQ 477,Barty Whatford,1,24,37
IT50 S181 8909 380S 57GO ZI1V FYL,Helli Maas,2,22,76
CR26 8780 6126 0180 7035 3,Brant Card,2,22,22
LU97 005H WHBW PGZA ODTZ,Jermaine Sole,1,19,33
LU92 859S PP1E M0CR BYUF,Guillema Cicchetto,2,22,66
RO20 ZNXT 04SO GRE8 9VGR DN9D,Angelica Cumes,2,24,45
GR32 8782 190E BOYS 2RZE V9UN JPJ,Sosanna Muzzullo,1,23,64
FR16 3531 8171 581C BFGS TCVL Z41,Derwin Pitsall,1,18,29
RO80 EAQM CAUG ZYSI UICK VSUN,Guendolen Finder,1,20,37
EE37 6742 6033 2393 5819,Sheena Boot,2,18,98
LV45 UVWS FAXQ 2IYS OXKL N,Pietro Tithecott,1,20,70
HU34 3070 4811 1796 9289 6925 2542,Sena Pastor,1,18,75
SI31 8003 4334 0475 146,Avram Ormonde,1,23,17
MC11 3548 9898 085I 8G7T UAPK W31,Sherwynd Casella,1,22,41
HR62 2620 1546 9352 8469 0,Haze Toward,2,18,32
FR43 9411 3138 72GT XTPC UQYX E39,Sinclare Darkin,2,19,87
CY04 6693 1105 OMIX AJ4U 4K1R UCI0,Karlie McSharry,1,19,51
ME61 1896 3532 4872 0916 69,Nesta Chippindall,2,22,81
FR24 9907 5779 335S SDDN OF7I D45,Brad Grady,1,21,27
FR49 0224 1641 88Q1 DQMK VZ8H C93,Falito Patron,1,24,74
GL32 7068 1358 4421 65,Leona Crosfeld,1,23,53
BH27 UEOM VZLU WAIP TZKS 33,Thekla Toms,1,22,48
ES64 9902 7149 4035 8084 6565,Jerri Albone,1,21,39
FR78 9917 5679 03X8 R0ZX VTVC U32,Diena Matteucci,2,21,25
IE82 HLTW 7618 4984 1629 08,Ilsa Yushkov,1,25,15
IT33 I022 7851 7428 HBOH CYVC U87,Timothy Patriskson,2,25,6
MD50 BWIS J0YS K0ZQ C5OI ZH2H,Karoline Struss,1,20,76
ME95 9831 4274 0178 8094 52,Janaye MacRitchie,2,25,4
FO38 2479 8276 6779 15,Katheryn Icom,1,22,54
BH48 JEUE SD6C 6EDV AIJC GL,Coop Kruse,2,19,9
FR39 3788 8843 07EK YIQS NLHO F37,Clemmie Lynes,1,23,79
GR11 0333 4733 Q0VF 6H1Q ILNW FQK,Ermin Ruske,1,23,29
DO84 RJJO 7665 8377 9317 9744 6661,Trevar Adshede,1,19,68
IS50 2041 7591 1703 6790 1580 76,Carolyn Bengoechea,2,22,4
FR13 9185 1971 94DP DXJ2 KL6C K42,Stormie Longhirst,1,21,36
NO65 3803 7662 096,Coralie McNeill,1,24,21
FR15 0301 0243 10OI CWGV 3LMK S50,Darcy Reinard,1,20,85
MC93 7247 4174 59XU VQRD DKTZ L61,Alfredo Hedling,1,25,8
RO36 BGHJ ZPHD ADLC IZHJ CPVW,Dixie Shapiro,1,21,55
SI48 5299 7689 8195 625,Ilysa Perrelle,2,22,82
HR52 7842 6097 2967 7706 2,Vale Ottewill,2,19,62
GI91 GXEE 7WDY N0B6 2VRY QUT,Alexandro Leyton,1,19,61
BG27 CGUO 4205 60CL DLV1 JY,Cordelie Bortoletti,1,18,97
AD63 5967 1720 ITND CT4H UONW,Ulick Kubanek,1,18,28
PT24 8231 7556 1875 3227 0237 9,Bennett Profit,2,22,91
RS22 4699 6608 1206 0535 61,Kip Pietruszewicz,1,23,70
AE14 7369 7947 9721 9271 298,Raquel Spellsworth,2,19,69
FR13 6489 6834 27NW JIJH YVCH E01,Reinhold Benettelli,2,25,85
NL52 MTBU 4691 5022 62,Hedwiga Mullis,1,19,68
LU93 918G 0CIM G4O9 I6MI,Sanford Playford,2,21,98
AT86 4762 6331 9452 9898,Gabriele Bicknell,2,25,39
SK62 9324 8628 1484 6005 5753,Carly Dimmack,1,25,22
BR82 2618 8390 1936 6895 1441 444P H,Luci Convery,2,25,73
HU16 4970 0919 9253 4732 9834 1157,Michel Openshaw,2,23,82
MU33 VOIK 1942 6457 5745 3327 765U MD,Ame Mangeon,2,20,72
FR17 9002 8340 115H NBHE 1B4I R53,Erich Saby,1,22,8
ME51 3644 2758 6318 0851 95,Maximo Georgiades,2,23,55
BR79 7633 3852 8431 5988 3964 741H U,Bryce Rockwell,2,24,31
LI92 9218 76JJ EDWN YGF1 I,Alameda Hanscomb,1,21,30
FR31 1119 6333 04WS OTSC 72IA 470,Bernardina Padson,1,21,32
FR57 6531 4683 29SV RWQR UMS8 C37,Andromache Dimmack,1,20,98
FR86 9235 9979 20FG WKQB DPBO U39,Liesa Ather,2,24,24
LB14 6407 D8DX JTEQ BSFE RK9B QOX0,Carleen Werlock,2,21,84
GL77 6843 2198 6347 58,Caprice Elstow,1,24,89
GI38 UTKE LURE LLZV UEIB TQW,Marvin Hulse,1,25,20
PS03 GLUJ RABN 2ZH6 K59T PYX0 NS0K F,Damara Lindley,1,25,43
LU57 843A BXVC 7VYV DK9B,Batsheva Hatter,2,25,55
GL24 4468 1985 0733 09,Basilio Gebhardt,1,18,5
LV68 JZDX V5IE RV3K QMTD K,Horatius Ragot,1,24,49
MU06 FCDO 2549 0031 0226 4132 442F LW,Garnette Sindle,1,22,23
HR19 5803 3357 4171 7286 5,Son Bradnum,1,24,40
HU56 9101 9616 9449 0004 0452 5363,Winnifred Chinery,1,24,93
HR04 9252 3344 2658 0223 0,Culver Quarry,1,24,73
KW32 LEDL M3IP MQXM YO6N 5U0R AHPE EN,Helge Haney,1,25,28
RO09 ZMKE GRAZ Y3SZ UGVJ BATG,Alfredo Lawlee,1,22,62
AT90 7715 5007 9423 7414,Thorn Hotson,2,19,12
SK24 5606 2193 2089 5360 1694,Abagael Mongin,1,25,33
