1,CORYLUS AMERICANA POLLEN,0,0,1
2,XtraCare instant Hand Sanitizer,0,0,1
3,amoxicillin and clavulanate potassium,0,0,1
4,Pier 1 Imports Melon and Mint Anti-Bacterial Hand Sanitizer,1,0,0
5,Ignatia amara,0,0,0
6,Lari-Clear,1,0,1
7,MedPride,0,0,1
8,Gas Relief,1,1,0
9,METFORMIN HYDROCHLORIDE,0,1,1
10,Ceftriaxone Sodium,0,0,1
11,Amlodipine Besylate,1,1,0
12,ABILIFY,0,0,1
13,CARMEX cherry lip balm BROAD SPECTRUM SPF 15 SUNSCREEN,1,0,1
14,Daytime Cold and Flu Relief,1,1,1
15,Cefuroxime Axetil,1,0,1
16,Oxygen,1,0,0
17,IOPE B.B.,1,0,0
18,Glyburide,0,1,1
19,Neutrogena SkinClearing,1,1,1
20,Triamterene and Hydrochlorothiazide,1,0,1
21,Eyesaline Concentrate,0,1,0
22,benzphetamine hydrochloride,1,0,0
23,Day Time Night Time,1,0,1
24,SOLU-MEDROL,1,1,1
25,SHISEIDO PERFECT REFINING FOUNDATION,1,1,1
26,EARTHS CARE ARTHRITIS CREAM,1,1,1
27,Axe Sharp Focus Invisible Solid,0,0,0
28,Escitalopram,0,1,0
29,equate hemorrhoidal,1,1,1
30,Secret Clinical Invisible,1,0,1
31,EGG YOLK,0,0,1
32,Stay Awake,0,0,1
33,Phenylephrine HCl,0,1,0
34,Claforan,1,0,0
35,Verapamil Hydrochloride,0,0,1
36,MEIJER MEDICATED PADS,1,0,1
37,Hydrocodone Bitartrate and Acetaminophen,1,1,1
38,Estradiol,0,1,0
39,Megestrol Acetate,0,0,1
40,Dapsone,1,1,1
41,Ziprasidone Hydrochloride,0,0,0
42,Fire Ant,1,0,1
43,Neut,0,0,0
44,ELF Super Glossy Lip Shine SPF 15,0,0,1
45,BabyB BabySaver,1,0,1
46,galantamine hydrobromide,1,0,1
47,HYDROCODONE BITARTRATE AND ACETAMINOPHEN,0,0,0
48,NATUREPLEX,0,0,1
49,Indigestion With Nausea,0,1,0
50,Lovastatin,1,1,1
